,BodyFat,Weight,Height,Chest,Abdomen,Thigh
0,12.3,154.25,68.25,93.1,85.2,59.0
1,6.1,173.25,72.75,93.6,83.0,58.7
2,25.3,154.0,66.75,95.8,87.9,59.6
3,10.4,184.75,72.75,101.8,86.4,60.1
4,28.7,184.25,71.75,97.3,100.0,63.2
5,20.9,210.25,75.25,104.5,94.4,66.0
6,19.2,181.0,70.25,105.1,90.7,58.4
7,12.4,176.0,73.0,99.6,88.5,60.0
8,4.1,191.0,74.5,100.9,82.5,62.9
9,11.7,198.25,74.0,99.6,88.6,63.1
10,7.1,186.25,75.0,101.5,83.6,59.7
11,7.8,216.0,76.5,103.6,90.9,66.2
12,20.8,180.5,70.0,102.0,91.6,63.4
13,21.2,205.25,71.75,104.1,101.8,66.0
14,22.1,187.75,70.0,101.3,96.4,69.0
15,20.9,162.75,66.5,99.1,92.8,63.1
16,29.0,195.75,71.5,101.9,96.4,64.8
17,22.9,209.25,71.5,107.6,97.5,66.9
18,16.0,183.75,68.25,106.8,89.6,64.2
19,16.5,211.75,74.0,106.2,100.5,65.8
20,19.1,179.0,68.5,103.3,95.9,63.5
21,15.2,200.5,70.25,111.4,98.8,63.4
22,15.6,140.25,68.75,86.0,76.4,57.4
23,17.7,148.75,70.5,86.7,80.0,54.9
24,14.0,151.25,68.25,90.2,76.3,58.4
25,3.7,159.25,72.0,89.6,79.7,55.0
26,7.9,131.5,68.0,88.6,74.6,51.7
27,22.9,148.0,68.0,97.4,88.7,57.5
28,3.7,133.25,65.25,93.5,73.9,50.1
29,8.8,160.75,69.5,97.4,83.5,58.9
30,11.9,182.0,74.25,100.5,88.7,57.5
31,5.7,160.25,71.75,93.5,84.5,58.5
32,11.8,168.0,71.75,93.0,79.1,57.3
33,21.3,218.5,71.5,111.7,100.5,67.1
34,32.3,247.25,74.0,117.0,115.6,71.2
35,40.1,191.75,65.5,118.5,113.1,61.9
36,24.2,202.25,70.5,106.5,100.9,63.5
37,28.4,196.75,68.75,105.6,98.8,66.0
38,35.2,363.15,72.75,136.2,148.1,87.3
39,32.6,203.0,67.5,114.8,108.1,61.3
40,34.5,262.75,69.25,128.3,126.2,72.5
41,32.9,205.0,30.0,106.0,104.3,70.6
42,31.6,217.0,70.5,113.3,111.2,67.7
43,32.0,212.0,72.0,106.6,104.3,65.0
44,7.7,125.25,68.5,85.1,76.0,50.0
45,13.9,164.25,73.75,96.6,81.5,58.4
46,10.8,133.5,68.0,88.2,73.7,53.3
47,5.6,148.5,71.75,89.8,79.5,52.7
48,13.6,135.75,69.0,92.3,83.4,52.0
49,4.0,127.5,67.25,83.4,70.4,50.6
50,10.2,158.25,72.75,90.2,86.7,52.6
51,6.6,139.25,69.5,89.2,77.9,51.4
52,8.0,137.25,68.25,89.7,82.0,49.3
53,6.3,152.75,74.0,93.3,79.6,52.6
54,3.9,136.25,68.0,87.6,77.6,51.9
55,22.6,198.0,72.5,107.6,100.0,57.2
56,20.4,181.5,68.5,100.0,99.8,62.1
57,28.0,201.25,70.0,111.5,104.2,61.8
58,31.5,202.5,71.25,115.4,105.3,59.1
59,24.6,179.75,66.25,104.8,98.3,60.6
60,26.1,216.0,73.75,112.3,104.8,61.6
61,29.8,178.75,69.0,102.9,94.7,60.9
62,30.7,193.25,70.75,107.6,102.4,61.0
63,25.8,178.0,67.5,105.3,99.7,60.8
64,32.3,205.5,70.5,105.3,105.5,65.0
65,30.0,183.5,68.0,103.0,100.3,64.8
66,21.5,151.5,71.25,90.0,83.9,55.0
67,13.8,154.75,72.0,95.4,86.6,54.3
68,6.3,155.25,69.75,89.3,78.4,56.0
69,12.9,156.75,72.0,94.4,84.6,51.2
70,24.3,167.5,72.0,97.6,91.5,56.6
71,8.8,146.75,69.25,88.5,82.8,58.9
72,8.5,160.75,74.25,93.6,82.9,52.9
73,13.5,125.0,64.5,87.7,76.0,50.9
74,11.8,143.0,66.25,93.4,83.3,55.5
75,18.5,148.25,68.0,91.6,81.8,54.5
76,8.8,162.5,70.0,91.6,78.8,56.7
77,22.2,177.75,69.0,102.0,95.0,55.0
78,21.5,161.25,70.75,96.4,95.4,53.5
79,18.8,171.25,69.75,102.7,98.6,56.5
80,31.4,163.75,68.25,97.7,95.8,54.8
81,26.8,150.25,67.75,97.1,89.0,54.8
82,18.4,190.25,73.25,103.1,97.8,58.9
83,27.0,170.75,70.5,101.8,94.9,56.0
84,27.0,168.0,69.75,101.4,99.8,56.3
85,26.6,167.0,68.0,98.9,89.7,54.7
86,14.9,157.75,67.75,97.5,88.1,57.2
87,23.1,160.0,66.25,104.3,90.9,57.8
88,8.3,176.75,73.0,97.3,86.0,61.0
89,14.1,176.0,73.5,96.7,86.5,60.4
90,20.5,177.0,70.5,99.7,95.6,58.3
91,18.2,179.75,70.0,101.9,93.2,58.9
92,8.5,165.25,71.0,97.2,83.1,56.9
93,24.9,192.5,72.25,106.6,97.5,58.9
94,9.0,184.25,75.0,99.6,88.8,57.4
95,17.4,224.5,78.25,113.2,99.2,61.7
96,9.6,188.75,73.75,99.1,91.6,60.6
97,11.3,162.5,67.0,99.4,86.7,62.1
98,17.8,156.5,68.75,95.1,88.2,54.7
99,22.2,197.0,72.5,107.5,94.0,62.7
100,21.2,198.5,74.0,106.5,95.0,59.0
101,20.4,173.75,72.5,99.1,92.0,59.3
102,20.1,172.75,71.75,96.7,89.2,60.0
103,22.3,196.75,74.25,103.5,95.5,59.1
104,25.4,177.0,69.75,104.0,98.6,59.5
105,18.0,165.5,69.0,93.1,87.3,54.7
106,19.3,200.25,74.0,105.2,102.8,61.2
107,18.3,203.25,74.75,110.0,101.6,55.8
108,17.3,194.0,76.0,110.1,88.7,57.5
109,21.4,168.5,69.75,97.8,92.3,57.5
110,19.7,170.75,69.0,96.3,90.6,61.9
111,28.0,183.25,70.5,108.0,105.0,63.7
112,22.1,178.25,70.5,99.7,95.0,62.3
113,21.3,163.0,70.75,93.5,89.6,61.5
114,26.7,175.25,72.25,100.7,92.4,59.3
115,16.7,158.0,69.75,97.0,86.6,55.9
116,20.1,177.25,73.25,96.0,90.0,58.8
117,13.9,179.0,72.5,99.2,90.0,56.8
118,25.8,191.0,74.5,95.4,92.4,64.6
119,18.1,187.5,72.75,101.8,87.5,58.5
120,27.9,206.5,75.0,104.3,99.2,58.5
121,25.3,185.25,72.0,99.2,98.1,57.1
122,14.7,160.25,69.25,99.3,83.3,60.5
123,16.0,151.5,67.25,94.0,86.1,58.1
124,13.8,161.0,67.0,98.9,84.1,58.5
125,17.5,167.0,67.5,101.0,89.9,60.7
126,27.2,177.5,69.25,98.7,92.1,60.7
127,17.4,152.25,68.25,95.9,78.0,53.5
128,20.8,192.25,73.75,103.9,93.5,61.7
129,14.9,165.25,70.25,96.2,87.0,57.4
130,18.1,171.75,72.0,97.8,90.1,57.0
131,22.7,171.25,71.0,94.6,90.3,60.3
132,23.6,197.0,73.75,103.6,99.8,61.2
133,26.1,157.0,67.25,100.4,89.4,56.1
134,24.4,168.25,70.0,98.4,87.2,56.0
135,27.1,186.0,70.25,104.6,101.1,58.9
136,21.8,166.75,71.25,92.9,86.1,58.8
137,29.4,187.75,74.5,97.8,98.6,63.6
138,22.4,168.25,71.75,98.3,88.5,58.1
139,20.4,212.75,75.5,104.7,106.6,66.5
140,24.9,176.75,71.5,98.6,93.1,59.1
141,18.3,173.25,70.0,99.5,93.0,60.4
142,23.3,167.0,68.25,102.7,91.0,57.1
143,9.4,159.75,72.75,92.1,77.1,56.1
144,10.3,188.15,78.0,96.6,85.3,59.1
145,14.2,156.0,71.25,92.7,81.9,56.4
146,19.2,208.5,73.25,102.0,99.1,71.2
147,29.6,206.5,70.25,110.9,100.5,68.4
148,5.3,143.75,73.0,92.3,76.5,51.9
149,25.2,223.0,70.75,114.1,106.8,67.6
150,9.4,152.25,69.5,92.9,77.6,56.9
151,19.6,241.75,75.0,108.3,102.9,72.9
152,10.1,146.0,72.75,88.5,72.8,53.6
153,16.5,156.75,67.75,94.0,88.2,56.8
154,21.0,200.25,74.0,101.1,100.1,62.1
155,17.3,171.5,75.75,92.1,83.5,57.3
156,31.2,205.75,69.5,105.6,105.0,68.6
157,10.0,182.5,72.75,98.5,90.8,60.8
158,12.5,136.5,69.25,88.7,76.6,50.1
159,22.5,177.25,72.0,101.1,92.4,59.4
160,9.4,151.25,72.75,94.0,81.2,52.5
161,14.6,196.0,73.5,103.8,95.6,61.4
162,13.0,184.25,69.25,98.9,92.1,64.0
163,15.1,140.0,71.0,89.2,83.4,52.4
164,27.3,218.75,72.5,111.4,106.0,63.8
165,19.2,217.0,74.25,107.5,95.1,64.8
166,21.8,166.25,68.5,99.1,90.4,55.5
167,20.3,224.75,72.75,108.2,100.4,63.3
168,34.3,228.25,70.0,114.9,115.9,74.4
169,16.5,172.75,70.0,99.1,90.8,60.1
170,3.0,152.25,68.25,92.2,81.9,54.7
171,0.7,125.75,66.0,90.8,75.0,50.0
172,20.5,177.25,71.5,100.5,90.3,57.8
173,16.9,176.25,72.0,98.2,90.3,59.2
174,25.3,226.75,72.25,115.3,108.8,69.2
175,9.9,145.25,69.75,96.8,79.4,50.3
176,13.1,151.0,67.5,92.6,83.2,60.0
177,29.9,241.25,72.0,119.2,110.3,69.8
178,22.5,187.25,69.75,102.7,92.7,64.7
179,16.9,234.75,75.0,109.5,104.5,69.5
180,26.6,219.25,74.75,108.5,104.6,68.1
181,0.0,118.5,68.5,79.3,69.4,47.2
182,11.5,145.75,67.75,95.5,83.6,54.1
183,12.1,159.25,70.25,92.3,86.8,58.0
184,17.5,170.5,74.75,98.9,90.4,55.4
185,8.6,167.5,72.0,89.5,83.7,57.3
186,23.6,232.75,74.75,117.5,109.3,67.7
187,20.4,210.5,72.5,107.4,98.9,63.5
188,20.5,202.25,73.0,109.2,98.0,62.8
189,24.4,185.0,68.75,103.4,101.2,61.5
190,11.4,153.0,69.75,91.4,80.6,54.3
191,38.1,244.25,76.5,115.2,113.7,68.5
192,15.9,193.5,71.0,104.9,94.1,60.6
193,24.7,224.75,75.25,106.7,105.7,65.3
194,22.8,162.75,73.25,92.2,85.6,60.2
195,25.5,180.0,68.75,101.6,96.6,61.1
196,22.0,156.25,69.5,97.8,86.0,57.7
197,17.7,168.0,72.0,92.0,89.7,62.3
198,6.6,167.25,73.25,94.0,78.0,57.5
199,23.6,170.75,68.0,103.7,89.7,58.5
200,12.2,178.25,70.75,102.7,89.2,60.2
201,22.1,150.0,69.75,91.1,85.7,55.5
202,28.7,200.5,72.0,107.2,103.1,68.8
203,6.0,184.0,74.5,100.8,89.1,60.6
204,34.8,223.0,70.25,121.6,113.9,63.5
205,16.6,208.75,73.5,105.6,96.3,63.3
206,32.9,166.0,66.0,100.6,93.9,58.9
207,32.8,195.0,73.0,102.7,101.3,60.7
208,9.6,160.5,70.75,99.8,83.9,53.0
209,10.8,159.75,71.25,92.9,84.4,56.0
210,7.1,140.5,68.5,91.2,79.4,51.1
211,27.2,216.25,75.0,115.6,104.0,63.7
212,19.5,168.25,72.25,98.3,89.7,56.3
213,18.7,194.75,71.25,103.7,97.6,60.0
214,19.5,172.75,73.5,98.7,87.6,57.1
215,47.5,219.0,64.5,119.8,122.1,62.5
216,13.6,149.25,70.25,92.8,81.1,53.8
217,7.5,154.5,70.5,93.3,81.5,54.7
218,24.5,199.25,72.25,106.8,100.0,63.9
219,15.0,154.5,69.75,93.9,88.7,53.7
220,12.4,153.25,71.0,99.0,91.8,57.7
221,26.0,230.0,72.75,119.9,110.4,64.2
222,11.5,161.75,68.0,94.2,87.6,59.7
223,5.2,142.25,67.75,92.7,82.8,54.4
224,10.9,179.75,69.25,106.9,95.3,57.4
225,12.5,126.5,67.25,88.8,78.2,50.8
226,14.8,169.5,68.75,101.7,91.1,56.6
227,25.2,198.5,74.75,105.3,96.7,64.0
228,14.9,174.5,70.0,104.0,89.4,58.4
229,17.0,167.75,69.0,98.6,93.0,55.4
230,10.6,147.75,66.25,99.6,86.4,53.0
231,16.1,182.25,72.25,103.4,96.7,59.3
232,15.4,175.5,72.0,100.2,88.1,57.1
233,26.7,161.75,67.75,94.9,94.9,56.8
234,25.8,157.75,68.0,97.2,93.3,54.3
235,18.6,168.75,68.0,104.7,95.6,54.4
236,24.8,191.5,72.75,104.0,98.2,59.3
237,27.3,219.15,70.0,117.6,113.8,63.4
238,12.4,155.25,70.0,95.8,82.8,61.2
239,29.9,189.75,66.25,106.4,100.5,59.2
240,17.0,127.5,66.25,93.0,79.7,50.7
241,35.0,224.5,68.75,119.6,118.0,61.3
242,30.4,234.25,72.5,119.7,109.0,63.7
243,32.6,227.75,73.25,115.8,113.4,65.6
244,29.0,199.5,69.0,118.3,106.1,58.2
245,15.2,155.5,69.75,97.4,84.3,54.3
246,30.2,215.5,71.0,113.7,107.6,63.3
247,11.0,134.25,67.5,89.2,83.6,49.6
248,33.6,201.0,70.25,108.5,105.0,59.6
249,29.3,186.75,66.5,111.1,111.5,60.3
250,26.0,190.75,71.0,108.3,101.3,56.0
251,31.9,207.5,70.5,112.4,108.5,59.3
252,12.3,154.25,68.25,93.1,85.2,59.0
253,6.1,173.25,72.75,93.6,83.0,58.7
254,25.3,154.0,66.75,95.8,87.9,59.6
255,10.4,184.75,72.75,101.8,86.4,60.1
256,28.7,184.25,71.75,97.3,100.0,63.2
257,20.9,210.25,75.25,104.5,94.4,66.0
258,19.2,181.0,70.25,105.1,90.7,58.4
259,12.4,176.0,73.0,99.6,88.5,60.0
260,4.1,191.0,74.5,100.9,82.5,62.9
261,11.7,198.25,74.0,99.6,88.6,63.1
262,7.1,186.25,75.0,101.5,83.6,59.7
263,7.8,216.0,76.5,103.6,90.9,66.2
264,20.8,180.5,70.0,102.0,91.6,63.4
265,21.2,205.25,71.75,104.1,101.8,66.0
266,22.1,187.75,70.0,101.3,96.4,69.0
267,20.9,162.75,66.5,99.1,92.8,63.1
268,29.0,195.75,71.5,101.9,96.4,64.8
269,22.9,209.25,71.5,107.6,97.5,66.9
270,16.0,183.75,68.25,106.8,89.6,64.2
271,16.5,211.75,74.0,106.2,100.5,65.8
272,19.1,179.0,68.5,103.3,95.9,63.5
273,15.2,200.5,70.25,111.4,98.8,63.4
274,15.6,140.25,68.75,86.0,76.4,57.4
275,17.7,148.75,70.5,86.7,80.0,54.9
276,14.0,151.25,68.25,90.2,76.3,58.4
277,3.7,159.25,72.0,89.6,79.7,55.0
278,7.9,131.5,68.0,88.6,74.6,51.7
279,22.9,148.0,68.0,97.4,88.7,57.5
280,3.7,133.25,65.25,93.5,73.9,50.1
281,8.8,160.75,69.5,97.4,83.5,58.9
282,11.9,182.0,74.25,100.5,88.7,57.5
283,5.7,160.25,71.75,93.5,84.5,58.5
284,11.8,168.0,71.75,93.0,79.1,57.3
285,21.3,218.5,71.5,111.7,100.5,67.1
286,32.3,247.25,74.0,117.0,115.6,71.2
287,40.1,191.75,65.5,118.5,113.1,61.9
288,24.2,202.25,70.5,106.5,100.9,63.5
289,28.4,196.75,68.75,105.6,98.8,66.0
290,35.2,363.15,72.75,136.2,148.1,87.3
291,32.6,203.0,67.5,114.8,108.1,61.3
292,34.5,262.75,69.25,128.3,126.2,72.5
293,32.9,205.0,30.0,106.0,104.3,70.6
294,31.6,217.0,70.5,113.3,111.2,67.7
295,32.0,212.0,72.0,106.6,104.3,65.0
296,7.7,125.25,68.5,85.1,76.0,50.0
297,13.9,164.25,73.75,96.6,81.5,58.4
298,10.8,133.5,68.0,88.2,73.7,53.3
299,5.6,148.5,71.75,89.8,79.5,52.7
300,13.6,135.75,69.0,92.3,83.4,52.0
301,4.0,127.5,67.25,83.4,70.4,50.6
302,10.2,158.25,72.75,90.2,86.7,52.6
303,6.6,139.25,69.5,89.2,77.9,51.4
304,8.0,137.25,68.25,89.7,82.0,49.3
305,6.3,152.75,74.0,93.3,79.6,52.6
306,3.9,136.25,68.0,87.6,77.6,51.9
307,22.6,198.0,72.5,107.6,100.0,57.2
308,20.4,181.5,68.5,100.0,99.8,62.1
309,28.0,201.25,70.0,111.5,104.2,61.8
310,31.5,202.5,71.25,115.4,105.3,59.1
311,24.6,179.75,66.25,104.8,98.3,60.6
312,26.1,216.0,73.75,112.3,104.8,61.6
313,29.8,178.75,69.0,102.9,94.7,60.9
314,30.7,193.25,70.75,107.6,102.4,61.0
315,25.8,178.0,67.5,105.3,99.7,60.8
316,32.3,205.5,70.5,105.3,105.5,65.0
317,30.0,183.5,68.0,103.0,100.3,64.8
318,21.5,151.5,71.25,90.0,83.9,55.0
319,13.8,154.75,72.0,95.4,86.6,54.3
320,6.3,155.25,69.75,89.3,78.4,56.0
321,12.9,156.75,72.0,94.4,84.6,51.2
322,24.3,167.5,72.0,97.6,91.5,56.6
323,8.8,146.75,69.25,88.5,82.8,58.9
324,8.5,160.75,74.25,93.6,82.9,52.9
325,13.5,125.0,64.5,87.7,76.0,50.9
326,11.8,143.0,66.25,93.4,83.3,55.5
327,18.5,148.25,68.0,91.6,81.8,54.5
328,8.8,162.5,70.0,91.6,78.8,56.7
329,22.2,177.75,69.0,102.0,95.0,55.0
330,21.5,161.25,70.75,96.4,95.4,53.5
331,18.8,171.25,69.75,102.7,98.6,56.5
332,31.4,163.75,68.25,97.7,95.8,54.8
333,26.8,150.25,67.75,97.1,89.0,54.8
334,18.4,190.25,73.25,103.1,97.8,58.9
335,27.0,170.75,70.5,101.8,94.9,56.0
336,27.0,168.0,69.75,101.4,99.8,56.3
337,26.6,167.0,68.0,98.9,89.7,54.7
338,14.9,157.75,67.75,97.5,88.1,57.2
339,23.1,160.0,66.25,104.3,90.9,57.8
340,8.3,176.75,73.0,97.3,86.0,61.0
341,14.1,176.0,73.5,96.7,86.5,60.4
342,20.5,177.0,70.5,99.7,95.6,58.3
343,18.2,179.75,70.0,101.9,93.2,58.9
344,8.5,165.25,71.0,97.2,83.1,56.9
345,24.9,192.5,72.25,106.6,97.5,58.9
346,9.0,184.25,75.0,99.6,88.8,57.4
347,17.4,224.5,78.25,113.2,99.2,61.7
348,9.6,188.75,73.75,99.1,91.6,60.6
349,11.3,162.5,67.0,99.4,86.7,62.1
350,17.8,156.5,68.75,95.1,88.2,54.7
351,22.2,197.0,72.5,107.5,94.0,62.7
352,21.2,198.5,74.0,106.5,95.0,59.0
353,20.4,173.75,72.5,99.1,92.0,59.3
354,20.1,172.75,71.75,96.7,89.2,60.0
355,22.3,196.75,74.25,103.5,95.5,59.1
356,25.4,177.0,69.75,104.0,98.6,59.5
357,18.0,165.5,69.0,93.1,87.3,54.7
358,19.3,200.25,74.0,105.2,102.8,61.2
359,18.3,203.25,74.75,110.0,101.6,55.8
360,17.3,194.0,76.0,110.1,88.7,57.5
361,21.4,168.5,69.75,97.8,92.3,57.5
362,19.7,170.75,69.0,96.3,90.6,61.9
363,28.0,183.25,70.5,108.0,105.0,63.7
364,22.1,178.25,70.5,99.7,95.0,62.3
365,21.3,163.0,70.75,93.5,89.6,61.5
366,26.7,175.25,72.25,100.7,92.4,59.3
367,16.7,158.0,69.75,97.0,86.6,55.9
368,20.1,177.25,73.25,96.0,90.0,58.8
369,13.9,179.0,72.5,99.2,90.0,56.8
370,25.8,191.0,74.5,95.4,92.4,64.6
371,18.1,187.5,72.75,101.8,87.5,58.5
372,27.9,206.5,75.0,104.3,99.2,58.5
373,25.3,185.25,72.0,99.2,98.1,57.1
374,14.7,160.25,69.25,99.3,83.3,60.5
375,16.0,151.5,67.25,94.0,86.1,58.1
376,13.8,161.0,67.0,98.9,84.1,58.5
377,17.5,167.0,67.5,101.0,89.9,60.7
378,27.2,177.5,69.25,98.7,92.1,60.7
379,17.4,152.25,68.25,95.9,78.0,53.5
380,20.8,192.25,73.75,103.9,93.5,61.7
381,14.9,165.25,70.25,96.2,87.0,57.4
382,18.1,171.75,72.0,97.8,90.1,57.0
383,22.7,171.25,71.0,94.6,90.3,60.3
384,23.6,197.0,73.75,103.6,99.8,61.2
385,26.1,157.0,67.25,100.4,89.4,56.1
386,24.4,168.25,70.0,98.4,87.2,56.0
387,27.1,186.0,70.25,104.6,101.1,58.9
388,21.8,166.75,71.25,92.9,86.1,58.8
389,29.4,187.75,74.5,97.8,98.6,63.6
390,22.4,168.25,71.75,98.3,88.5,58.1
391,20.4,212.75,75.5,104.7,106.6,66.5
392,24.9,176.75,71.5,98.6,93.1,59.1
393,18.3,173.25,70.0,99.5,93.0,60.4
394,23.3,167.0,68.25,102.7,91.0,57.1
395,9.4,159.75,72.75,92.1,77.1,56.1
396,10.3,188.15,78.0,96.6,85.3,59.1
397,14.2,156.0,71.25,92.7,81.9,56.4
398,19.2,208.5,73.25,102.0,99.1,71.2
399,29.6,206.5,70.25,110.9,100.5,68.4
400,5.3,143.75,73.0,92.3,76.5,51.9
401,25.2,223.0,70.75,114.1,106.8,67.6
402,9.4,152.25,69.5,92.9,77.6,56.9
403,19.6,241.75,75.0,108.3,102.9,72.9
404,10.1,146.0,72.75,88.5,72.8,53.6
405,16.5,156.75,67.75,94.0,88.2,56.8
406,21.0,200.25,74.0,101.1,100.1,62.1
407,17.3,171.5,75.75,92.1,83.5,57.3
408,31.2,205.75,69.5,105.6,105.0,68.6
409,10.0,182.5,72.75,98.5,90.8,60.8
410,12.5,136.5,69.25,88.7,76.6,50.1
411,22.5,177.25,72.0,101.1,92.4,59.4
412,9.4,151.25,72.75,94.0,81.2,52.5
413,14.6,196.0,73.5,103.8,95.6,61.4
414,13.0,184.25,69.25,98.9,92.1,64.0
415,15.1,140.0,71.0,89.2,83.4,52.4
416,27.3,218.75,72.5,111.4,106.0,63.8
417,19.2,217.0,74.25,107.5,95.1,64.8
418,21.8,166.25,68.5,99.1,90.4,55.5
419,20.3,224.75,72.75,108.2,100.4,63.3
420,34.3,228.25,70.0,114.9,115.9,74.4
421,16.5,172.75,70.0,99.1,90.8,60.1
422,3.0,152.25,68.25,92.2,81.9,54.7
423,0.7,125.75,66.0,90.8,75.0,50.0
424,20.5,177.25,71.5,100.5,90.3,57.8
425,16.9,176.25,72.0,98.2,90.3,59.2
426,25.3,226.75,72.25,115.3,108.8,69.2
427,9.9,145.25,69.75,96.8,79.4,50.3
428,13.1,151.0,67.5,92.6,83.2,60.0
429,29.9,241.25,72.0,119.2,110.3,69.8
430,22.5,187.25,69.75,102.7,92.7,64.7
431,16.9,234.75,75.0,109.5,104.5,69.5
432,26.6,219.25,74.75,108.5,104.6,68.1
433,0.0,118.5,68.5,79.3,69.4,47.2
434,11.5,145.75,67.75,95.5,83.6,54.1
435,12.1,159.25,70.25,92.3,86.8,58.0
436,17.5,170.5,74.75,98.9,90.4,55.4
437,8.6,167.5,72.0,89.5,83.7,57.3
438,23.6,232.75,74.75,117.5,109.3,67.7
439,20.4,210.5,72.5,107.4,98.9,63.5
440,20.5,202.25,73.0,109.2,98.0,62.8
441,24.4,185.0,68.75,103.4,101.2,61.5
442,11.4,153.0,69.75,91.4,80.6,54.3
443,38.1,244.25,76.5,115.2,113.7,68.5
444,15.9,193.5,71.0,104.9,94.1,60.6
445,24.7,224.75,75.25,106.7,105.7,65.3
446,22.8,162.75,73.25,92.2,85.6,60.2
447,25.5,180.0,68.75,101.6,96.6,61.1
448,22.0,156.25,69.5,97.8,86.0,57.7
449,17.7,168.0,72.0,92.0,89.7,62.3
450,6.6,167.25,73.25,94.0,78.0,57.5
451,23.6,170.75,68.0,103.7,89.7,58.5
452,12.2,178.25,70.75,102.7,89.2,60.2
453,22.1,150.0,69.75,91.1,85.7,55.5
454,28.7,200.5,72.0,107.2,103.1,68.8
455,6.0,184.0,74.5,100.8,89.1,60.6
456,34.8,223.0,70.25,121.6,113.9,63.5
457,16.6,208.75,73.5,105.6,96.3,63.3
458,32.9,166.0,66.0,100.6,93.9,58.9
459,32.8,195.0,73.0,102.7,101.3,60.7
460,9.6,160.5,70.75,99.8,83.9,53.0
461,10.8,159.75,71.25,92.9,84.4,56.0
462,7.1,140.5,68.5,91.2,79.4,51.1
463,27.2,216.25,75.0,115.6,104.0,63.7
464,19.5,168.25,72.25,98.3,89.7,56.3
465,18.7,194.75,71.25,103.7,97.6,60.0
466,19.5,172.75,73.5,98.7,87.6,57.1
467,47.5,219.0,64.5,119.8,122.1,62.5
468,13.6,149.25,70.25,92.8,81.1,53.8
469,7.5,154.5,70.5,93.3,81.5,54.7
470,24.5,199.25,72.25,106.8,100.0,63.9
471,15.0,154.5,69.75,93.9,88.7,53.7
472,12.4,153.25,71.0,99.0,91.8,57.7
473,26.0,230.0,72.75,119.9,110.4,64.2
474,11.5,161.75,68.0,94.2,87.6,59.7
475,5.2,142.25,67.75,92.7,82.8,54.4
476,10.9,179.75,69.25,106.9,95.3,57.4
477,12.5,126.5,67.25,88.8,78.2,50.8
478,14.8,169.5,68.75,101.7,91.1,56.6
479,25.2,198.5,74.75,105.3,96.7,64.0
480,14.9,174.5,70.0,104.0,89.4,58.4
481,17.0,167.75,69.0,98.6,93.0,55.4
482,10.6,147.75,66.25,99.6,86.4,53.0
483,16.1,182.25,72.25,103.4,96.7,59.3
484,15.4,175.5,72.0,100.2,88.1,57.1
485,26.7,161.75,67.75,94.9,94.9,56.8
486,25.8,157.75,68.0,97.2,93.3,54.3
487,18.6,168.75,68.0,104.7,95.6,54.4
488,24.8,191.5,72.75,104.0,98.2,59.3
489,27.3,219.15,70.0,117.6,113.8,63.4
490,12.4,155.25,70.0,95.8,82.8,61.2
491,29.9,189.75,66.25,106.4,100.5,59.2
492,17.0,127.5,66.25,93.0,79.7,50.7
493,35.0,224.5,68.75,119.6,118.0,61.3
494,30.4,234.25,72.5,119.7,109.0,63.7
495,32.6,227.75,73.25,115.8,113.4,65.6
496,29.0,199.5,69.0,118.3,106.1,58.2
497,15.2,155.5,69.75,97.4,84.3,54.3
498,30.2,215.5,71.0,113.7,107.6,63.3
499,11.0,134.25,67.5,89.2,83.6,49.6
500,33.6,201.0,70.25,108.5,105.0,59.6
501,29.3,186.75,66.5,111.1,111.5,60.3
502,26.0,190.75,71.0,108.3,101.3,56.0
503,31.9,207.5,70.5,112.4,108.5,59.3
504,12.3,154.25,68.25,93.1,85.2,59.0
505,6.1,173.25,72.75,93.6,83.0,58.7
506,25.3,154.0,66.75,95.8,87.9,59.6
507,10.4,184.75,72.75,101.8,86.4,60.1
508,28.7,184.25,71.75,97.3,100.0,63.2
509,20.9,210.25,75.25,104.5,94.4,66.0
510,19.2,181.0,70.25,105.1,90.7,58.4
511,12.4,176.0,73.0,99.6,88.5,60.0
512,4.1,191.0,74.5,100.9,82.5,62.9
513,11.7,198.25,74.0,99.6,88.6,63.1
514,7.1,186.25,75.0,101.5,83.6,59.7
515,7.8,216.0,76.5,103.6,90.9,66.2
516,20.8,180.5,70.0,102.0,91.6,63.4
517,21.2,205.25,71.75,104.1,101.8,66.0
518,22.1,187.75,70.0,101.3,96.4,69.0
519,20.9,162.75,66.5,99.1,92.8,63.1
520,29.0,195.75,71.5,101.9,96.4,64.8
521,22.9,209.25,71.5,107.6,97.5,66.9
522,16.0,183.75,68.25,106.8,89.6,64.2
523,16.5,211.75,74.0,106.2,100.5,65.8
524,19.1,179.0,68.5,103.3,95.9,63.5
525,15.2,200.5,70.25,111.4,98.8,63.4
526,15.6,140.25,68.75,86.0,76.4,57.4
527,17.7,148.75,70.5,86.7,80.0,54.9
528,14.0,151.25,68.25,90.2,76.3,58.4
529,3.7,159.25,72.0,89.6,79.7,55.0
530,7.9,131.5,68.0,88.6,74.6,51.7
531,22.9,148.0,68.0,97.4,88.7,57.5
532,3.7,133.25,65.25,93.5,73.9,50.1
533,8.8,160.75,69.5,97.4,83.5,58.9
534,11.9,182.0,74.25,100.5,88.7,57.5
535,5.7,160.25,71.75,93.5,84.5,58.5
536,11.8,168.0,71.75,93.0,79.1,57.3
537,21.3,218.5,71.5,111.7,100.5,67.1
538,32.3,247.25,74.0,117.0,115.6,71.2
539,40.1,191.75,65.5,118.5,113.1,61.9
540,24.2,202.25,70.5,106.5,100.9,63.5
541,28.4,196.75,68.75,105.6,98.8,66.0
542,35.2,363.15,72.75,136.2,148.1,87.3
543,32.6,203.0,67.5,114.8,108.1,61.3
544,34.5,262.75,69.25,128.3,126.2,72.5
545,32.9,205.0,30.0,106.0,104.3,70.6
546,31.6,217.0,70.5,113.3,111.2,67.7
547,32.0,212.0,72.0,106.6,104.3,65.0
548,7.7,125.25,68.5,85.1,76.0,50.0
549,13.9,164.25,73.75,96.6,81.5,58.4
550,10.8,133.5,68.0,88.2,73.7,53.3
551,5.6,148.5,71.75,89.8,79.5,52.7
552,13.6,135.75,69.0,92.3,83.4,52.0
553,4.0,127.5,67.25,83.4,70.4,50.6
554,10.2,158.25,72.75,90.2,86.7,52.6
555,6.6,139.25,69.5,89.2,77.9,51.4
556,8.0,137.25,68.25,89.7,82.0,49.3
557,6.3,152.75,74.0,93.3,79.6,52.6
558,3.9,136.25,68.0,87.6,77.6,51.9
559,22.6,198.0,72.5,107.6,100.0,57.2
560,20.4,181.5,68.5,100.0,99.8,62.1
561,28.0,201.25,70.0,111.5,104.2,61.8
562,31.5,202.5,71.25,115.4,105.3,59.1
563,24.6,179.75,66.25,104.8,98.3,60.6
564,26.1,216.0,73.75,112.3,104.8,61.6
565,29.8,178.75,69.0,102.9,94.7,60.9
566,30.7,193.25,70.75,107.6,102.4,61.0
567,25.8,178.0,67.5,105.3,99.7,60.8
568,32.3,205.5,70.5,105.3,105.5,65.0
569,30.0,183.5,68.0,103.0,100.3,64.8
570,21.5,151.5,71.25,90.0,83.9,55.0
571,13.8,154.75,72.0,95.4,86.6,54.3
572,6.3,155.25,69.75,89.3,78.4,56.0
573,12.9,156.75,72.0,94.4,84.6,51.2
574,24.3,167.5,72.0,97.6,91.5,56.6
575,8.8,146.75,69.25,88.5,82.8,58.9
576,8.5,160.75,74.25,93.6,82.9,52.9
577,13.5,125.0,64.5,87.7,76.0,50.9
578,11.8,143.0,66.25,93.4,83.3,55.5
579,18.5,148.25,68.0,91.6,81.8,54.5
580,8.8,162.5,70.0,91.6,78.8,56.7
581,22.2,177.75,69.0,102.0,95.0,55.0
582,21.5,161.25,70.75,96.4,95.4,53.5
583,18.8,171.25,69.75,102.7,98.6,56.5
584,31.4,163.75,68.25,97.7,95.8,54.8
585,26.8,150.25,67.75,97.1,89.0,54.8
586,18.4,190.25,73.25,103.1,97.8,58.9
587,27.0,170.75,70.5,101.8,94.9,56.0
588,27.0,168.0,69.75,101.4,99.8,56.3
589,26.6,167.0,68.0,98.9,89.7,54.7
590,14.9,157.75,67.75,97.5,88.1,57.2
591,23.1,160.0,66.25,104.3,90.9,57.8
592,8.3,176.75,73.0,97.3,86.0,61.0
593,14.1,176.0,73.5,96.7,86.5,60.4
594,20.5,177.0,70.5,99.7,95.6,58.3
595,18.2,179.75,70.0,101.9,93.2,58.9
596,8.5,165.25,71.0,97.2,83.1,56.9
597,24.9,192.5,72.25,106.6,97.5,58.9
598,9.0,184.25,75.0,99.6,88.8,57.4
599,17.4,224.5,78.25,113.2,99.2,61.7
600,9.6,188.75,73.75,99.1,91.6,60.6
601,11.3,162.5,67.0,99.4,86.7,62.1
602,17.8,156.5,68.75,95.1,88.2,54.7
603,22.2,197.0,72.5,107.5,94.0,62.7
604,21.2,198.5,74.0,106.5,95.0,59.0
605,20.4,173.75,72.5,99.1,92.0,59.3
606,20.1,172.75,71.75,96.7,89.2,60.0
607,22.3,196.75,74.25,103.5,95.5,59.1
608,25.4,177.0,69.75,104.0,98.6,59.5
609,18.0,165.5,69.0,93.1,87.3,54.7
610,19.3,200.25,74.0,105.2,102.8,61.2
611,18.3,203.25,74.75,110.0,101.6,55.8
612,17.3,194.0,76.0,110.1,88.7,57.5
613,21.4,168.5,69.75,97.8,92.3,57.5
614,19.7,170.75,69.0,96.3,90.6,61.9
615,28.0,183.25,70.5,108.0,105.0,63.7
616,22.1,178.25,70.5,99.7,95.0,62.3
617,21.3,163.0,70.75,93.5,89.6,61.5
618,26.7,175.25,72.25,100.7,92.4,59.3
619,16.7,158.0,69.75,97.0,86.6,55.9
620,20.1,177.25,73.25,96.0,90.0,58.8
621,13.9,179.0,72.5,99.2,90.0,56.8
622,25.8,191.0,74.5,95.4,92.4,64.6
623,18.1,187.5,72.75,101.8,87.5,58.5
624,27.9,206.5,75.0,104.3,99.2,58.5
625,25.3,185.25,72.0,99.2,98.1,57.1
626,14.7,160.25,69.25,99.3,83.3,60.5
627,16.0,151.5,67.25,94.0,86.1,58.1
628,13.8,161.0,67.0,98.9,84.1,58.5
629,17.5,167.0,67.5,101.0,89.9,60.7
630,27.2,177.5,69.25,98.7,92.1,60.7
631,17.4,152.25,68.25,95.9,78.0,53.5
632,20.8,192.25,73.75,103.9,93.5,61.7
633,14.9,165.25,70.25,96.2,87.0,57.4
634,18.1,171.75,72.0,97.8,90.1,57.0
635,22.7,171.25,71.0,94.6,90.3,60.3
636,23.6,197.0,73.75,103.6,99.8,61.2
637,26.1,157.0,67.25,100.4,89.4,56.1
638,24.4,168.25,70.0,98.4,87.2,56.0
639,27.1,186.0,70.25,104.6,101.1,58.9
640,21.8,166.75,71.25,92.9,86.1,58.8
641,29.4,187.75,74.5,97.8,98.6,63.6
642,22.4,168.25,71.75,98.3,88.5,58.1
643,20.4,212.75,75.5,104.7,106.6,66.5
644,24.9,176.75,71.5,98.6,93.1,59.1
645,18.3,173.25,70.0,99.5,93.0,60.4
646,23.3,167.0,68.25,102.7,91.0,57.1
647,9.4,159.75,72.75,92.1,77.1,56.1
648,12.3,154.25,68.25,93.1,85.2,59.0
649,6.1,173.25,72.75,93.6,83.0,58.7
650,25.3,154.0,66.75,95.8,87.9,59.6
651,10.4,184.75,72.75,101.8,86.4,60.1
652,28.7,184.25,71.75,97.3,100.0,63.2
653,20.9,210.25,75.25,104.5,94.4,66.0
654,19.2,181.0,70.25,105.1,90.7,58.4
655,12.4,176.0,73.0,99.6,88.5,60.0
656,4.1,191.0,74.5,100.9,82.5,62.9
657,11.7,198.25,74.0,99.6,88.6,63.1
658,7.1,186.25,75.0,101.5,83.6,59.7
659,7.8,216.0,76.5,103.6,90.9,66.2
660,20.8,180.5,70.0,102.0,91.6,63.4
661,21.2,205.25,71.75,104.1,101.8,66.0
662,22.1,187.75,70.0,101.3,96.4,69.0
663,20.9,162.75,66.5,99.1,92.8,63.1
664,29.0,195.75,71.5,101.9,96.4,64.8
665,22.9,209.25,71.5,107.6,97.5,66.9
666,16.0,183.75,68.25,106.8,89.6,64.2
667,16.5,211.75,74.0,106.2,100.5,65.8
668,19.1,179.0,68.5,103.3,95.9,63.5
669,15.2,200.5,70.25,111.4,98.8,63.4
670,15.6,140.25,68.75,86.0,76.4,57.4
671,17.7,148.75,70.5,86.7,80.0,54.9
672,14.0,151.25,68.25,90.2,76.3,58.4
673,3.7,159.25,72.0,89.6,79.7,55.0
674,7.9,131.5,68.0,88.6,74.6,51.7
675,22.9,148.0,68.0,97.4,88.7,57.5
676,3.7,133.25,65.25,93.5,73.9,50.1
677,8.8,160.75,69.5,97.4,83.5,58.9
678,11.9,182.0,74.25,100.5,88.7,57.5
679,5.7,160.25,71.75,93.5,84.5,58.5
680,11.8,168.0,71.75,93.0,79.1,57.3
681,21.3,218.5,71.5,111.7,100.5,67.1
682,32.3,247.25,74.0,117.0,115.6,71.2
683,40.1,191.75,65.5,118.5,113.1,61.9
684,24.2,202.25,70.5,106.5,100.9,63.5
685,28.4,196.75,68.75,105.6,98.8,66.0
686,35.2,363.15,72.75,136.2,148.1,87.3
687,32.6,203.0,67.5,114.8,108.1,61.3
688,34.5,262.75,69.25,128.3,126.2,72.5
689,32.9,205.0,30.0,106.0,104.3,70.6
690,31.6,217.0,70.5,113.3,111.2,67.7
691,32.0,212.0,72.0,106.6,104.3,65.0
692,7.7,125.25,68.5,85.1,76.0,50.0
693,13.9,164.25,73.75,96.6,81.5,58.4
694,10.8,133.5,68.0,88.2,73.7,53.3
695,5.6,148.5,71.75,89.8,79.5,52.7
696,13.6,135.75,69.0,92.3,83.4,52.0
697,4.0,127.5,67.25,83.4,70.4,50.6
698,10.2,158.25,72.75,90.2,86.7,52.6
699,6.6,139.25,69.5,89.2,77.9,51.4
700,8.0,137.25,68.25,89.7,82.0,49.3
701,6.3,152.75,74.0,93.3,79.6,52.6
702,3.9,136.25,68.0,87.6,77.6,51.9
703,22.6,198.0,72.5,107.6,100.0,57.2
704,20.4,181.5,68.5,100.0,99.8,62.1
705,28.0,201.25,70.0,111.5,104.2,61.8
706,31.5,202.5,71.25,115.4,105.3,59.1
707,24.6,179.75,66.25,104.8,98.3,60.6
708,26.1,216.0,73.75,112.3,104.8,61.6
709,29.8,178.75,69.0,102.9,94.7,60.9
710,30.7,193.25,70.75,107.6,102.4,61.0
711,25.8,178.0,67.5,105.3,99.7,60.8
712,32.3,205.5,70.5,105.3,105.5,65.0
713,30.0,183.5,68.0,103.0,100.3,64.8
714,21.5,151.5,71.25,90.0,83.9,55.0
715,13.8,154.75,72.0,95.4,86.6,54.3
716,6.3,155.25,69.75,89.3,78.4,56.0
717,12.9,156.75,72.0,94.4,84.6,51.2
718,24.3,167.5,72.0,97.6,91.5,56.6
719,8.8,146.75,69.25,88.5,82.8,58.9
720,8.5,160.75,74.25,93.6,82.9,52.9
721,13.5,125.0,64.5,87.7,76.0,50.9
722,11.8,143.0,66.25,93.4,83.3,55.5
723,18.5,148.25,68.0,91.6,81.8,54.5
724,8.8,162.5,70.0,91.6,78.8,56.7
725,22.2,177.75,69.0,102.0,95.0,55.0
726,21.5,161.25,70.75,96.4,95.4,53.5
727,18.8,171.25,69.75,102.7,98.6,56.5
728,31.4,163.75,68.25,97.7,95.8,54.8
729,26.8,150.25,67.75,97.1,89.0,54.8
730,18.4,190.25,73.25,103.1,97.8,58.9
731,27.0,170.75,70.5,101.8,94.9,56.0
732,27.0,168.0,69.75,101.4,99.8,56.3
733,26.6,167.0,68.0,98.9,89.7,54.7
734,14.9,157.75,67.75,97.5,88.1,57.2
735,23.1,160.0,66.25,104.3,90.9,57.8
736,8.3,176.75,73.0,97.3,86.0,61.0
737,14.1,176.0,73.5,96.7,86.5,60.4
738,20.5,177.0,70.5,99.7,95.6,58.3
739,18.2,179.75,70.0,101.9,93.2,58.9
740,8.5,165.25,71.0,97.2,83.1,56.9
741,24.9,192.5,72.25,106.6,97.5,58.9
742,9.0,184.25,75.0,99.6,88.8,57.4
743,17.4,224.5,78.25,113.2,99.2,61.7
744,9.6,188.75,73.75,99.1,91.6,60.6
745,11.3,162.5,67.0,99.4,86.7,62.1
746,17.8,156.5,68.75,95.1,88.2,54.7
747,22.2,197.0,72.5,107.5,94.0,62.7
748,21.2,198.5,74.0,106.5,95.0,59.0
749,20.4,173.75,72.5,99.1,92.0,59.3
750,20.1,172.75,71.75,96.7,89.2,60.0
751,22.3,196.75,74.25,103.5,95.5,59.1
752,25.4,177.0,69.75,104.0,98.6,59.5
753,18.0,165.5,69.0,93.1,87.3,54.7
754,19.3,200.25,74.0,105.2,102.8,61.2
755,18.3,203.25,74.75,110.0,101.6,55.8
756,17.3,194.0,76.0,110.1,88.7,57.5
757,21.4,168.5,69.75,97.8,92.3,57.5
758,19.7,170.75,69.0,96.3,90.6,61.9
759,28.0,183.25,70.5,108.0,105.0,63.7
760,22.1,178.25,70.5,99.7,95.0,62.3
761,21.3,163.0,70.75,93.5,89.6,61.5
762,26.7,175.25,72.25,100.7,92.4,59.3
763,16.7,158.0,69.75,97.0,86.6,55.9
764,20.1,177.25,73.25,96.0,90.0,58.8
765,13.9,179.0,72.5,99.2,90.0,56.8
766,25.8,191.0,74.5,95.4,92.4,64.6
767,18.1,187.5,72.75,101.8,87.5,58.5
768,27.9,206.5,75.0,104.3,99.2,58.5
769,25.3,185.25,72.0,99.2,98.1,57.1
770,14.7,160.25,69.25,99.3,83.3,60.5
771,16.0,151.5,67.25,94.0,86.1,58.1
772,13.8,161.0,67.0,98.9,84.1,58.5
773,17.5,167.0,67.5,101.0,89.9,60.7
774,27.2,177.5,69.25,98.7,92.1,60.7
775,17.4,152.25,68.25,95.9,78.0,53.5
776,20.8,192.25,73.75,103.9,93.5,61.7
777,14.9,165.25,70.25,96.2,87.0,57.4
778,18.1,171.75,72.0,97.8,90.1,57.0
779,22.7,171.25,71.0,94.6,90.3,60.3
780,23.6,197.0,73.75,103.6,99.8,61.2
781,26.1,157.0,67.25,100.4,89.4,56.1
782,24.4,168.25,70.0,98.4,87.2,56.0
783,27.1,186.0,70.25,104.6,101.1,58.9
784,21.8,166.75,71.25,92.9,86.1,58.8
785,29.4,187.75,74.5,97.8,98.6,63.6
786,22.4,168.25,71.75,98.3,88.5,58.1
787,20.4,212.75,75.5,104.7,106.6,66.5
788,24.9,176.75,71.5,98.6,93.1,59.1
789,18.3,173.25,70.0,99.5,93.0,60.4
790,23.3,167.0,68.25,102.7,91.0,57.1
791,9.4,159.75,72.75,92.1,77.1,56.1
792,10.3,188.15,78.0,96.6,85.3,59.1
793,14.2,156.0,71.25,92.7,81.9,56.4
794,19.2,208.5,73.25,102.0,99.1,71.2
795,29.6,206.5,70.25,110.9,100.5,68.4
796,5.3,143.75,73.0,92.3,76.5,51.9
797,25.2,223.0,70.75,114.1,106.8,67.6
798,9.4,152.25,69.5,92.9,77.6,56.9
799,19.6,241.75,75.0,108.3,102.9,72.9
800,10.1,146.0,72.75,88.5,72.8,53.6
801,16.5,156.75,67.75,94.0,88.2,56.8
802,21.0,200.25,74.0,101.1,100.1,62.1
803,17.3,171.5,75.75,92.1,83.5,57.3
804,31.2,205.75,69.5,105.6,105.0,68.6
805,10.0,182.5,72.75,98.5,90.8,60.8
806,12.5,136.5,69.25,88.7,76.6,50.1
807,22.5,177.25,72.0,101.1,92.4,59.4
808,9.4,151.25,72.75,94.0,81.2,52.5
809,14.6,196.0,73.5,103.8,95.6,61.4
810,13.0,184.25,69.25,98.9,92.1,64.0
811,15.1,140.0,71.0,89.2,83.4,52.4
812,27.3,218.75,72.5,111.4,106.0,63.8
813,19.2,217.0,74.25,107.5,95.1,64.8
814,21.8,166.25,68.5,99.1,90.4,55.5
815,20.3,224.75,72.75,108.2,100.4,63.3
816,34.3,228.25,70.0,114.9,115.9,74.4
817,16.5,172.75,70.0,99.1,90.8,60.1
818,3.0,152.25,68.25,92.2,81.9,54.7
819,0.7,125.75,66.0,90.8,75.0,50.0
820,20.5,177.25,71.5,100.5,90.3,57.8
821,16.9,176.25,72.0,98.2,90.3,59.2
822,25.3,226.75,72.25,115.3,108.8,69.2
823,9.9,145.25,69.75,96.8,79.4,50.3
824,13.1,151.0,67.5,92.6,83.2,60.0
825,29.9,241.25,72.0,119.2,110.3,69.8
826,22.5,187.25,69.75,102.7,92.7,64.7
827,16.9,234.75,75.0,109.5,104.5,69.5
828,26.6,219.25,74.75,108.5,104.6,68.1
829,0.0,118.5,68.5,79.3,69.4,47.2
830,11.5,145.75,67.75,95.5,83.6,54.1
831,12.1,159.25,70.25,92.3,86.8,58.0
832,17.5,170.5,74.75,98.9,90.4,55.4
833,8.6,167.5,72.0,89.5,83.7,57.3
834,23.6,232.75,74.75,117.5,109.3,67.7
835,20.4,210.5,72.5,107.4,98.9,63.5
836,20.5,202.25,73.0,109.2,98.0,62.8
837,24.4,185.0,68.75,103.4,101.2,61.5
838,11.4,153.0,69.75,91.4,80.6,54.3
839,38.1,244.25,76.5,115.2,113.7,68.5
840,15.9,193.5,71.0,104.9,94.1,60.6
841,24.7,224.75,75.25,106.7,105.7,65.3
842,22.8,162.75,73.25,92.2,85.6,60.2
843,25.5,180.0,68.75,101.6,96.6,61.1
844,22.0,156.25,69.5,97.8,86.0,57.7
845,17.7,168.0,72.0,92.0,89.7,62.3
846,6.6,167.25,73.25,94.0,78.0,57.5
847,23.6,170.75,68.0,103.7,89.7,58.5
848,12.2,178.25,70.75,102.7,89.2,60.2
849,22.1,150.0,69.75,91.1,85.7,55.5
850,28.7,200.5,72.0,107.2,103.1,68.8
851,6.0,184.0,74.5,100.8,89.1,60.6
852,34.8,223.0,70.25,121.6,113.9,63.5
853,16.6,208.75,73.5,105.6,96.3,63.3
854,32.9,166.0,66.0,100.6,93.9,58.9
855,32.8,195.0,73.0,102.7,101.3,60.7
856,9.6,160.5,70.75,99.8,83.9,53.0
857,10.8,159.75,71.25,92.9,84.4,56.0
858,7.1,140.5,68.5,91.2,79.4,51.1
859,27.2,216.25,75.0,115.6,104.0,63.7
860,19.5,168.25,72.25,98.3,89.7,56.3
861,18.7,194.75,71.25,103.7,97.6,60.0
862,19.5,172.75,73.5,98.7,87.6,57.1
863,47.5,219.0,64.5,119.8,122.1,62.5
864,13.6,149.25,70.25,92.8,81.1,53.8
865,7.5,154.5,70.5,93.3,81.5,54.7
866,24.5,199.25,72.25,106.8,100.0,63.9
867,15.0,154.5,69.75,93.9,88.7,53.7
868,12.4,153.25,71.0,99.0,91.8,57.7
869,26.0,230.0,72.75,119.9,110.4,64.2
870,11.5,161.75,68.0,94.2,87.6,59.7
871,5.2,142.25,67.75,92.7,82.8,54.4
872,10.9,179.75,69.25,106.9,95.3,57.4
873,12.5,126.5,67.25,88.8,78.2,50.8
874,14.8,169.5,68.75,101.7,91.1,56.6
875,25.2,198.5,74.75,105.3,96.7,64.0
876,14.9,174.5,70.0,104.0,89.4,58.4
877,17.0,167.75,69.0,98.6,93.0,55.4
878,10.6,147.75,66.25,99.6,86.4,53.0
879,16.1,182.25,72.25,103.4,96.7,59.3
880,15.4,175.5,72.0,100.2,88.1,57.1
881,26.7,161.75,67.75,94.9,94.9,56.8
882,25.8,157.75,68.0,97.2,93.3,54.3
883,18.6,168.75,68.0,104.7,95.6,54.4
884,24.8,191.5,72.75,104.0,98.2,59.3
885,27.3,219.15,70.0,117.6,113.8,63.4
886,12.4,155.25,70.0,95.8,82.8,61.2
887,29.9,189.75,66.25,106.4,100.5,59.2
888,17.0,127.5,66.25,93.0,79.7,50.7
889,35.0,224.5,68.75,119.6,118.0,61.3
890,30.4,234.25,72.5,119.7,109.0,63.7
891,32.6,227.75,73.25,115.8,113.4,65.6
892,29.0,199.5,69.0,118.3,106.1,58.2
893,15.2,155.5,69.75,97.4,84.3,54.3
894,30.2,215.5,71.0,113.7,107.6,63.3
895,11.0,134.25,67.5,89.2,83.6,49.6
896,33.6,201.0,70.25,108.5,105.0,59.6
897,29.3,186.75,66.5,111.1,111.5,60.3
898,26.0,190.75,71.0,108.3,101.3,56.0
899,31.9,207.5,70.5,112.4,108.5,59.3
900,10.3,193.35,79.5,96.6,85.3,59.1
901,14.2,161.2,72.75,92.7,81.9,56.4
902,19.2,213.7,74.75,102.0,99.1,71.2
903,29.6,211.7,71.75,110.9,100.5,68.4
904,5.3,148.95,74.5,92.3,76.5,51.9
905,25.2,228.2,72.25,114.1,106.8,67.6
906,9.4,157.45,71.0,92.9,77.6,56.9
907,19.6,246.95,76.5,108.3,102.9,72.9
908,10.1,151.2,74.25,88.5,72.8,53.6
909,16.5,161.95,69.25,94.0,88.2,56.8
910,21.0,205.45,75.5,101.1,100.1,62.1
911,17.3,176.7,77.25,92.1,83.5,57.3
912,31.2,210.95,71.0,105.6,105.0,68.6
913,10.0,187.7,74.25,98.5,90.8,60.8
914,12.5,141.7,70.75,88.7,76.6,50.1
915,22.5,182.45,73.5,101.1,92.4,59.4
916,9.4,156.45,74.25,94.0,81.2,52.5
917,14.6,201.2,75.0,103.8,95.6,61.4
918,13.0,189.45,70.75,98.9,92.1,64.0
919,15.1,145.2,72.5,89.2,83.4,52.4
920,27.3,223.95,74.0,111.4,106.0,63.8
921,19.2,222.2,75.75,107.5,95.1,64.8
922,21.8,171.45,70.0,99.1,90.4,55.5
923,20.3,229.95,74.25,108.2,100.4,63.3
924,34.3,233.45,71.5,114.9,115.9,74.4
925,16.5,177.95,71.5,99.1,90.8,60.1
926,3.0,157.45,69.75,92.2,81.9,54.7
927,0.7,130.95,67.5,90.8,75.0,50.0
928,20.5,182.45,73.0,100.5,90.3,57.8
929,16.9,181.45,73.5,98.2,90.3,59.2
930,25.3,231.95,73.75,115.3,108.8,69.2
931,9.9,150.45,71.25,96.8,79.4,50.3
932,13.1,156.2,69.0,92.6,83.2,60.0
933,29.9,246.45,73.5,119.2,110.3,69.8
934,22.5,192.45,71.25,102.7,92.7,64.7
935,16.9,239.95,76.5,109.5,104.5,69.5
936,26.6,224.45,76.25,108.5,104.6,68.1
937,0.0,123.7,70.0,79.3,69.4,47.2
938,11.5,150.95,69.25,95.5,83.6,54.1
939,12.1,164.45,71.75,92.3,86.8,58.0
940,17.5,175.7,76.25,98.9,90.4,55.4
941,8.6,172.7,73.5,89.5,83.7,57.3
942,23.6,237.95,76.25,117.5,109.3,67.7
943,20.4,215.7,74.0,107.4,98.9,63.5
944,20.5,207.45,74.5,109.2,98.0,62.8
945,24.4,190.2,70.25,103.4,101.2,61.5
946,11.4,158.2,71.25,91.4,80.6,54.3
947,38.1,249.45,78.0,115.2,113.7,68.5
948,15.9,198.7,72.5,104.9,94.1,60.6
949,24.7,229.95,76.75,106.7,105.7,65.3
950,22.8,167.95,74.75,92.2,85.6,60.2
951,25.5,185.2,70.25,101.6,96.6,61.1
952,22.0,161.45,71.0,97.8,86.0,57.7
953,17.7,173.2,73.5,92.0,89.7,62.3
954,6.6,172.45,74.75,94.0,78.0,57.5
955,23.6,175.95,69.5,103.7,89.7,58.5
956,12.2,183.45,72.25,102.7,89.2,60.2
957,12.3,154.25,68.75,93.1,85.2,59.0
958,6.1,173.25,73.25,93.6,83.0,58.7
959,25.3,154.0,67.25,95.8,87.9,59.6
960,10.4,184.75,73.25,101.8,86.4,60.1
961,28.7,184.25,72.25,97.3,100.0,63.2
962,20.9,210.25,75.75,104.5,94.4,66.0
963,19.2,181.0,70.75,105.1,90.7,58.4
964,12.4,176.0,73.5,99.6,88.5,60.0
965,4.1,191.0,75.0,100.9,82.5,62.9
966,11.7,198.25,74.5,99.6,88.6,63.1
967,7.1,186.25,75.5,101.5,83.6,59.7
968,7.8,216.0,77.0,103.6,90.9,66.2
969,20.8,180.5,70.5,102.0,91.6,63.4
970,21.2,205.25,72.25,104.1,101.8,66.0
971,22.1,187.75,70.5,101.3,96.4,69.0
972,20.9,162.75,67.0,99.1,92.8,63.1
973,29.0,195.75,72.0,101.9,96.4,64.8
974,22.9,209.25,72.0,107.6,97.5,66.9
975,16.0,183.75,68.75,106.8,89.6,64.2
976,16.5,211.75,74.5,106.2,100.5,65.8
977,19.1,179.0,69.0,103.3,95.9,63.5
978,15.2,200.5,70.75,111.4,98.8,63.4
979,15.6,140.25,69.25,86.0,76.4,57.4
980,17.7,148.75,71.0,86.7,80.0,54.9
981,14.0,151.25,68.75,90.2,76.3,58.4
982,3.7,159.25,72.5,89.6,79.7,55.0
983,7.9,131.5,68.5,88.6,74.6,51.7
984,22.9,148.0,68.5,97.4,88.7,57.5
985,3.7,133.25,65.75,93.5,73.9,50.1
986,8.8,160.75,70.0,97.4,83.5,58.9
987,11.9,182.0,74.75,100.5,88.7,57.5
988,5.7,160.25,72.25,93.5,84.5,58.5
989,11.8,168.0,72.25,93.0,79.1,57.3
990,21.3,218.5,72.0,111.7,100.5,67.1
991,32.3,247.25,74.5,117.0,115.6,71.2
992,40.1,191.75,66.0,118.5,113.1,61.9
993,24.2,202.25,71.0,106.5,100.9,63.5
994,28.4,196.75,69.25,105.6,98.8,66.0
995,35.2,363.15,73.25,136.2,148.1,87.3
996,32.6,203.0,68.0,114.8,108.1,61.3
997,34.5,262.75,69.75,128.3,126.2,72.5
998,32.9,205.0,30.5,106.0,104.3,70.6
999,31.6,217.0,71.0,113.3,111.2,67.7
1000,32.0,212.0,72.5,106.6,104.3,65.0
1001,7.7,125.25,69.0,85.1,76.0,50.0
1002,13.9,164.25,74.25,96.6,81.5,58.4
1003,10.8,133.5,68.5,88.2,73.7,53.3
1004,5.6,148.5,72.25,89.8,79.5,52.7
1005,13.6,135.75,69.5,92.3,83.4,52.0
1006,4.0,127.5,67.75,83.4,70.4,50.6
1007,10.2,158.25,73.25,90.2,86.7,52.6
1008,6.6,139.25,70.0,89.2,77.9,51.4
1009,8.0,137.25,68.75,89.7,82.0,49.3
1010,6.3,152.75,74.5,93.3,79.6,52.6
1011,3.9,136.25,68.5,87.6,77.6,51.9
1012,22.6,198.0,73.0,107.6,100.0,57.2
1013,20.4,181.5,69.0,100.0,99.8,62.1
1014,28.0,201.25,70.5,111.5,104.2,61.8
1015,31.5,202.5,71.75,115.4,105.3,59.1
1016,24.6,179.75,66.75,104.8,98.3,60.6
1017,26.1,216.0,74.25,112.3,104.8,61.6
1018,29.8,178.75,69.5,102.9,94.7,60.9
1019,30.7,193.25,71.25,107.6,102.4,61.0
1020,25.8,178.0,68.0,105.3,99.7,60.8
1021,32.3,205.5,71.0,105.3,105.5,65.0
1022,30.0,183.5,68.5,103.0,100.3,64.8
1023,21.5,151.5,71.75,90.0,83.9,55.0
1024,13.8,154.75,72.5,95.4,86.6,54.3
1025,6.3,155.25,70.25,89.3,78.4,56.0
1026,12.9,156.75,72.5,94.4,84.6,51.2
1027,24.3,167.5,72.5,97.6,91.5,56.6
1028,8.8,146.75,69.75,88.5,82.8,58.9
1029,8.5,160.75,74.75,93.6,82.9,52.9
1030,13.5,125.0,65.0,87.7,76.0,50.9
1031,11.8,143.0,66.75,93.4,83.3,55.5
1032,18.5,148.25,68.5,91.6,81.8,54.5
1033,8.8,162.5,70.5,91.6,78.8,56.7
1034,22.2,177.75,69.5,102.0,95.0,55.0
1035,21.5,161.25,71.25,96.4,95.4,53.5
1036,18.8,171.25,70.25,102.7,98.6,56.5
1037,31.4,163.75,68.75,97.7,95.8,54.8
1038,26.8,150.25,68.25,97.1,89.0,54.8
1039,18.4,190.25,73.75,103.1,97.8,58.9
1040,27.0,170.75,71.0,101.8,94.9,56.0
1041,27.0,168.0,70.25,101.4,99.8,56.3
1042,26.6,167.0,68.5,98.9,89.7,54.7
1043,14.9,157.75,68.25,97.5,88.1,57.2
1044,23.1,160.0,66.75,104.3,90.9,57.8
1045,8.3,176.75,73.5,97.3,86.0,61.0
1046,14.1,176.0,74.0,96.7,86.5,60.4
1047,20.5,177.0,71.0,99.7,95.6,58.3
1048,18.2,179.75,70.5,101.9,93.2,58.9
1049,8.5,165.25,71.5,97.2,83.1,56.9
1050,24.9,192.5,72.75,106.6,97.5,58.9
1051,9.0,184.25,75.5,99.6,88.8,57.4
1052,17.4,224.5,78.75,113.2,99.2,61.7
1053,9.6,188.75,74.25,99.1,91.6,60.6
1054,11.3,162.5,67.5,99.4,86.7,62.1
1055,17.8,156.5,69.25,95.1,88.2,54.7
1056,22.2,197.0,73.0,107.5,94.0,62.7
1057,21.2,198.5,74.5,106.5,95.0,59.0
1058,20.4,173.75,73.0,99.1,92.0,59.3
1059,20.1,172.75,72.25,96.7,89.2,60.0
1060,22.3,196.75,74.75,103.5,95.5,59.1
1061,25.4,177.0,70.25,104.0,98.6,59.5
1062,18.0,165.5,69.5,93.1,87.3,54.7
1063,19.3,200.25,74.5,105.2,102.8,61.2
1064,18.3,203.25,75.25,110.0,101.6,55.8
1065,17.3,194.0,76.5,110.1,88.7,57.5
1066,21.4,168.5,70.25,97.8,92.3,57.5
1067,19.7,170.75,69.5,96.3,90.6,61.9
1068,28.0,183.25,71.0,108.0,105.0,63.7
1069,22.1,178.25,71.0,99.7,95.0,62.3
1070,21.3,163.0,71.25,93.5,89.6,61.5
1071,26.7,175.25,72.75,100.7,92.4,59.3
1072,16.7,158.0,70.25,97.0,86.6,55.9
1073,20.1,177.25,73.75,96.0,90.0,58.8
1074,13.9,179.0,73.0,99.2,90.0,56.8
1075,25.8,191.0,75.0,95.4,92.4,64.6
1076,18.1,187.5,73.25,101.8,87.5,58.5
1077,27.9,206.5,75.5,104.3,99.2,58.5
1078,25.3,185.25,72.5,99.2,98.1,57.1
1079,14.7,160.25,69.75,99.3,83.3,60.5
1080,16.0,151.5,67.75,94.0,86.1,58.1
1081,13.8,161.0,67.5,98.9,84.1,58.5
1082,17.5,167.0,68.0,101.0,89.9,60.7
1083,27.2,177.5,69.75,98.7,92.1,60.7
1084,17.4,152.25,68.75,95.9,78.0,53.5
1085,20.8,192.25,74.25,103.9,93.5,61.7
1086,14.9,165.25,70.75,96.2,87.0,57.4
1087,18.1,171.75,72.5,97.8,90.1,57.0
1088,22.7,171.25,71.5,94.6,90.3,60.3
1089,23.6,197.0,74.25,103.6,99.8,61.2
1090,26.1,157.0,67.75,100.4,89.4,56.1
1091,24.4,168.25,70.5,98.4,87.2,56.0
1092,27.1,186.0,70.75,104.6,101.1,58.9
1093,21.8,166.75,71.75,92.9,86.1,58.8
1094,29.4,187.75,75.0,97.8,98.6,63.6
1095,22.4,168.25,72.25,98.3,88.5,58.1
1096,20.4,212.75,76.0,104.7,106.6,66.5
1097,24.9,176.75,72.0,98.6,93.1,59.1
1098,18.3,173.25,70.5,99.5,93.0,60.4
1099,23.3,167.0,68.75,102.7,91.0,57.1
1100,9.4,159.75,73.25,92.1,77.1,56.1
1101,10.3,188.15,78.5,96.6,85.3,59.1
1102,14.2,156.0,71.75,92.7,81.9,56.4
1103,19.2,208.5,73.75,102.0,99.1,71.2
1104,29.6,206.5,70.75,110.9,100.5,68.4
1105,5.3,143.75,73.5,92.3,76.5,51.9
1106,25.2,223.0,71.25,114.1,106.8,67.6
1107,9.4,152.25,70.0,92.9,77.6,56.9
1108,19.6,241.75,75.5,108.3,102.9,72.9
1109,10.1,146.0,73.25,88.5,72.8,53.6
1110,16.5,156.75,68.25,94.0,88.2,56.8
1111,21.0,200.25,74.5,101.1,100.1,62.1
1112,17.3,171.5,76.25,92.1,83.5,57.3
1113,31.2,205.75,70.0,105.6,105.0,68.6
1114,10.0,182.5,73.25,98.5,90.8,60.8
1115,12.5,136.5,69.75,88.7,76.6,50.1
1116,22.5,177.25,72.5,101.1,92.4,59.4
1117,9.4,151.25,73.25,94.0,81.2,52.5
1118,14.6,196.0,74.0,103.8,95.6,61.4
1119,13.0,184.25,69.75,98.9,92.1,64.0
1120,15.1,140.0,71.5,89.2,83.4,52.4
1121,27.3,218.75,73.0,111.4,106.0,63.8
1122,19.2,217.0,74.75,107.5,95.1,64.8
1123,21.8,166.25,69.0,99.1,90.4,55.5
1124,20.3,224.75,73.25,108.2,100.4,63.3
1125,34.3,228.25,70.5,114.9,115.9,74.4
1126,16.5,172.75,70.5,99.1,90.8,60.1
1127,3.0,152.25,68.75,92.2,81.9,54.7
1128,0.7,125.75,66.5,90.8,75.0,50.0
1129,20.5,177.25,72.0,100.5,90.3,57.8
1130,16.9,176.25,72.5,98.2,90.3,59.2
1131,25.3,226.75,72.75,115.3,108.8,69.2
1132,9.9,145.25,70.25,96.8,79.4,50.3
1133,13.1,151.0,68.0,92.6,83.2,60.0
1134,29.9,241.25,72.5,119.2,110.3,69.8
1135,22.5,187.25,70.25,102.7,92.7,64.7
1136,16.9,234.75,75.5,109.5,104.5,69.5
1137,26.6,219.25,75.25,108.5,104.6,68.1
1138,0.0,118.5,69.0,79.3,69.4,47.2
1139,11.5,145.75,68.25,95.5,83.6,54.1
1140,12.1,159.25,70.75,92.3,86.8,58.0
1141,17.5,170.5,75.25,98.9,90.4,55.4
1142,8.6,167.5,72.5,89.5,83.7,57.3
1143,23.6,232.75,75.25,117.5,109.3,67.7
1144,20.4,210.5,73.0,107.4,98.9,63.5
1145,20.5,202.25,73.5,109.2,98.0,62.8
1146,24.4,185.0,69.25,103.4,101.2,61.5
1147,11.4,153.0,70.25,91.4,80.6,54.3
1148,38.1,244.25,77.0,115.2,113.7,68.5
1149,15.9,193.5,71.5,104.9,94.1,60.6
1150,24.7,224.75,75.75,106.7,105.7,65.3
1151,22.8,162.75,73.75,92.2,85.6,60.2
1152,25.5,180.0,69.25,101.6,96.6,61.1
1153,22.0,156.25,70.0,97.8,86.0,57.7
1154,17.7,168.0,72.5,92.0,89.7,62.3
1155,6.6,167.25,73.75,94.0,78.0,57.5
1156,23.6,170.75,68.5,103.7,89.7,58.5
1157,12.2,178.25,71.25,102.7,89.2,60.2
1158,22.1,150.0,70.25,91.1,85.7,55.5
1159,28.7,200.5,72.5,107.2,103.1,68.8
1160,6.0,184.0,75.0,100.8,89.1,60.6
1161,34.8,223.0,70.75,121.6,113.9,63.5
1162,16.6,208.75,74.0,105.6,96.3,63.3
1163,32.9,166.0,66.5,100.6,93.9,58.9
1164,32.8,195.0,73.5,102.7,101.3,60.7
1165,9.6,160.5,71.25,99.8,83.9,53.0
1166,10.8,159.75,71.75,92.9,84.4,56.0
1167,7.1,140.5,69.0,91.2,79.4,51.1
1168,27.2,216.25,75.5,115.6,104.0,63.7
1169,19.5,168.25,72.75,98.3,89.7,56.3
1170,18.7,194.75,71.75,103.7,97.6,60.0
1171,19.5,172.75,74.0,98.7,87.6,57.1
1172,47.5,219.0,65.0,119.8,122.1,62.5
1173,13.6,149.25,70.75,92.8,81.1,53.8
1174,7.5,154.5,71.0,93.3,81.5,54.7
1175,24.5,199.25,72.75,106.8,100.0,63.9
1176,15.0,154.5,70.25,93.9,88.7,53.7
1177,12.4,153.25,71.5,99.0,91.8,57.7
1178,26.0,230.0,73.25,119.9,110.4,64.2
1179,11.5,161.75,68.5,94.2,87.6,59.7
1180,5.2,142.25,68.25,92.7,82.8,54.4
1181,10.9,179.75,69.75,106.9,95.3,57.4
1182,12.5,126.5,67.75,88.8,78.2,50.8
1183,14.8,169.5,69.25,101.7,91.1,56.6
1184,25.2,198.5,75.25,105.3,96.7,64.0
1185,14.9,174.5,70.5,104.0,89.4,58.4
1186,17.0,167.75,69.5,98.6,93.0,55.4
1187,10.6,147.75,66.75,99.6,86.4,53.0
1188,16.1,182.25,72.75,103.4,96.7,59.3
1189,15.4,175.5,72.5,100.2,88.1,57.1
1190,26.7,161.75,68.25,94.9,94.9,56.8
1191,25.8,157.75,68.5,97.2,93.3,54.3
1192,18.6,168.75,68.5,104.7,95.6,54.4
1193,24.8,191.5,73.25,104.0,98.2,59.3
1194,27.3,219.15,70.5,117.6,113.8,63.4
1195,12.4,155.25,70.5,95.8,82.8,61.2
1196,29.9,189.75,66.75,106.4,100.5,59.2
1197,17.0,127.5,66.75,93.0,79.7,50.7
1198,35.0,224.5,69.25,119.6,118.0,61.3
1199,30.4,234.25,73.0,119.7,109.0,63.7
1200,32.6,227.75,73.75,115.8,113.4,65.6
1201,29.0,199.5,69.5,118.3,106.1,58.2
1202,15.2,155.5,70.25,97.4,84.3,54.3
1203,30.2,215.5,71.5,113.7,107.6,63.3
1204,11.0,134.25,68.0,89.2,83.6,49.6
1205,33.6,201.0,70.75,108.5,105.0,59.6
1206,29.3,186.75,67.0,111.1,111.5,60.3
1207,26.0,190.75,71.5,108.3,101.3,56.0
1208,31.9,207.5,71.0,112.4,108.5,59.3
1209,12.3,154.25,68.75,93.1,85.2,59.0
1210,6.1,173.25,73.25,93.6,83.0,58.7
1211,25.3,154.0,67.25,95.8,87.9,59.6
1212,10.4,184.75,73.25,101.8,86.4,60.1
1213,28.7,184.25,72.25,97.3,100.0,63.2
1214,20.9,210.25,75.75,104.5,94.4,66.0
1215,19.2,181.0,70.75,105.1,90.7,58.4
1216,12.4,176.0,73.5,99.6,88.5,60.0
1217,4.1,191.0,75.0,100.9,82.5,62.9
1218,11.7,198.25,74.5,99.6,88.6,63.1
1219,7.1,186.25,75.5,101.5,83.6,59.7
1220,7.8,216.0,77.0,103.6,90.9,66.2
1221,20.8,180.5,70.5,102.0,91.6,63.4
1222,21.2,205.25,72.25,104.1,101.8,66.0
1223,22.1,187.75,70.5,101.3,96.4,69.0
1224,20.9,162.75,67.0,99.1,92.8,63.1
1225,29.0,195.75,72.0,101.9,96.4,64.8
1226,22.9,209.25,72.0,107.6,97.5,66.9
1227,16.0,183.75,68.75,106.8,89.6,64.2
1228,16.5,211.75,74.5,106.2,100.5,65.8
1229,19.1,179.0,69.0,103.3,95.9,63.5
1230,15.2,200.5,70.75,111.4,98.8,63.4
1231,15.6,140.25,69.25,86.0,76.4,57.4
1232,17.7,148.75,71.0,86.7,80.0,54.9
1233,14.0,151.25,68.75,90.2,76.3,58.4
1234,3.7,159.25,72.5,89.6,79.7,55.0
1235,7.9,131.5,68.5,88.6,74.6,51.7
1236,22.9,148.0,68.5,97.4,88.7,57.5
1237,3.7,133.25,65.75,93.5,73.9,50.1
1238,8.8,160.75,70.0,97.4,83.5,58.9
1239,11.9,182.0,74.75,100.5,88.7,57.5
1240,5.7,160.25,72.25,93.5,84.5,58.5
1241,11.8,168.0,72.25,93.0,79.1,57.3
1242,21.3,218.5,72.0,111.7,100.5,67.1
1243,32.3,247.25,74.5,117.0,115.6,71.2
1244,40.1,191.75,66.0,118.5,113.1,61.9
1245,24.2,202.25,71.0,106.5,100.9,63.5
1246,28.4,196.75,69.25,105.6,98.8,66.0
1247,35.2,363.15,73.25,136.2,148.1,87.3
1248,32.6,203.0,68.0,114.8,108.1,61.3
1249,34.5,262.75,69.75,128.3,126.2,72.5
1250,32.9,205.0,30.5,106.0,104.3,70.6
1251,31.6,217.0,71.0,113.3,111.2,67.7
1252,32.0,212.0,72.5,106.6,104.3,65.0
1253,7.7,125.25,69.0,85.1,76.0,50.0
1254,13.9,164.25,74.25,96.6,81.5,58.4
1255,10.8,133.5,68.5,88.2,73.7,53.3
1256,5.6,148.5,72.25,89.8,79.5,52.7
1257,13.6,135.75,69.5,92.3,83.4,52.0
1258,4.0,127.5,67.75,83.4,70.4,50.6
1259,10.2,158.25,73.25,90.2,86.7,52.6
1260,6.6,139.25,70.0,89.2,77.9,51.4
1261,8.0,137.25,68.75,89.7,82.0,49.3
1262,6.3,152.75,74.5,93.3,79.6,52.6
1263,3.9,136.25,68.5,87.6,77.6,51.9
1264,22.6,198.0,73.0,107.6,100.0,57.2
1265,20.4,181.5,69.0,100.0,99.8,62.1
1266,28.0,201.25,70.5,111.5,104.2,61.8
1267,31.5,202.5,71.75,115.4,105.3,59.1
1268,24.6,179.75,66.75,104.8,98.3,60.6
1269,26.1,216.0,74.25,112.3,104.8,61.6
1270,29.8,178.75,69.5,102.9,94.7,60.9
1271,30.7,193.25,71.25,107.6,102.4,61.0
1272,25.8,178.0,68.0,105.3,99.7,60.8
1273,32.3,205.5,71.0,105.3,105.5,65.0
1274,30.0,183.5,68.5,103.0,100.3,64.8
1275,21.5,151.5,71.75,90.0,83.9,55.0
1276,13.8,154.75,72.5,95.4,86.6,54.3
1277,6.3,155.25,70.25,89.3,78.4,56.0
1278,12.9,156.75,72.5,94.4,84.6,51.2
1279,24.3,167.5,72.5,97.6,91.5,56.6
1280,8.8,146.75,69.75,88.5,82.8,58.9
1281,8.5,160.75,74.75,93.6,82.9,52.9
1282,13.5,125.0,65.0,87.7,76.0,50.9
1283,11.8,143.0,66.75,93.4,83.3,55.5
1284,18.5,148.25,68.5,91.6,81.8,54.5
1285,8.8,162.5,70.5,91.6,78.8,56.7
1286,22.2,177.75,69.5,102.0,95.0,55.0
1287,21.5,161.25,71.25,96.4,95.4,53.5
1288,18.8,171.25,70.25,102.7,98.6,56.5
1289,31.4,163.75,68.75,97.7,95.8,54.8
1290,26.8,150.25,68.25,97.1,89.0,54.8
1291,18.4,190.25,73.75,103.1,97.8,58.9
1292,27.0,170.75,71.0,101.8,94.9,56.0
1293,27.0,168.0,70.25,101.4,99.8,56.3
1294,26.6,167.0,68.5,98.9,89.7,54.7
1295,14.9,157.75,68.25,97.5,88.1,57.2
1296,23.1,160.0,66.75,104.3,90.9,57.8
1297,8.3,176.75,73.5,97.3,86.0,61.0
1298,14.1,176.0,74.0,96.7,86.5,60.4
1299,20.5,177.0,71.0,99.7,95.6,58.3
1300,18.2,179.75,70.5,101.9,93.2,58.9
1301,8.5,165.25,71.5,97.2,83.1,56.9
1302,24.9,192.5,72.75,106.6,97.5,58.9
1303,9.0,184.25,75.5,99.6,88.8,57.4
1304,17.4,224.5,78.75,113.2,99.2,61.7
1305,9.6,188.75,74.25,99.1,91.6,60.6
1306,11.3,162.5,67.5,99.4,86.7,62.1
1307,17.8,156.5,69.25,95.1,88.2,54.7
1308,22.2,197.0,73.0,107.5,94.0,62.7
1309,21.2,198.5,74.5,106.5,95.0,59.0
1310,20.4,173.75,73.0,99.1,92.0,59.3
1311,20.1,172.75,72.25,96.7,89.2,60.0
1312,22.3,196.75,74.75,103.5,95.5,59.1
1313,25.4,177.0,70.25,104.0,98.6,59.5
1314,18.0,165.5,69.5,93.1,87.3,54.7
1315,19.3,200.25,74.5,105.2,102.8,61.2
1316,18.3,203.25,75.25,110.0,101.6,55.8
1317,17.3,194.0,76.5,110.1,88.7,57.5
1318,21.4,168.5,70.25,97.8,92.3,57.5
1319,19.7,170.75,69.5,96.3,90.6,61.9
1320,28.0,183.25,71.0,108.0,105.0,63.7
1321,22.1,178.25,71.0,99.7,95.0,62.3
1322,21.3,163.0,71.25,93.5,89.6,61.5
1323,26.7,175.25,72.75,100.7,92.4,59.3
1324,16.7,158.0,70.25,97.0,86.6,55.9
1325,20.1,177.25,73.75,96.0,90.0,58.8
1326,13.9,179.0,73.0,99.2,90.0,56.8
1327,25.8,191.0,75.0,95.4,92.4,64.6
1328,18.1,187.5,73.25,101.8,87.5,58.5
1329,27.9,206.5,75.5,104.3,99.2,58.5
1330,25.3,185.25,72.5,99.2,98.1,57.1
1331,14.7,160.25,69.75,99.3,83.3,60.5
1332,16.0,151.5,67.75,94.0,86.1,58.1
1333,13.8,161.0,67.5,98.9,84.1,58.5
1334,17.5,167.0,68.0,101.0,89.9,60.7
1335,27.2,177.5,69.75,98.7,92.1,60.7
1336,17.4,152.25,68.75,95.9,78.0,53.5
1337,20.8,192.25,74.25,103.9,93.5,61.7
1338,14.9,165.25,70.75,96.2,87.0,57.4
1339,18.1,171.75,72.5,97.8,90.1,57.0
1340,22.7,171.25,71.5,94.6,90.3,60.3
1341,23.6,197.0,74.25,103.6,99.8,61.2
1342,26.1,157.0,67.75,100.4,89.4,56.1
1343,24.4,168.25,70.5,98.4,87.2,56.0
1344,27.1,186.0,70.75,104.6,101.1,58.9
1345,21.8,166.75,71.75,92.9,86.1,58.8
1346,29.4,187.75,75.0,97.8,98.6,63.6
1347,22.4,168.25,72.25,98.3,88.5,58.1
1348,20.4,212.75,76.0,104.7,106.6,66.5
1349,24.9,176.75,72.0,98.6,93.1,59.1
1350,18.3,173.25,70.5,99.5,93.0,60.4
1351,23.3,167.0,68.75,102.7,91.0,57.1
1352,9.4,159.75,73.25,92.1,77.1,56.1
1353,10.3,188.15,78.5,96.6,85.3,59.1
1354,14.2,156.0,71.75,92.7,81.9,56.4
1355,19.2,208.5,73.75,102.0,99.1,71.2
1356,29.6,206.5,70.75,110.9,100.5,68.4
1357,5.3,143.75,73.5,92.3,76.5,51.9
1358,25.2,223.0,71.25,114.1,106.8,67.6
1359,9.4,152.25,70.0,92.9,77.6,56.9
1360,19.6,241.75,75.5,108.3,102.9,72.9
1361,10.1,146.0,73.25,88.5,72.8,53.6
1362,16.5,156.75,68.25,94.0,88.2,56.8
1363,21.0,200.25,74.5,101.1,100.1,62.1
1364,17.3,171.5,76.25,92.1,83.5,57.3
1365,31.2,205.75,70.0,105.6,105.0,68.6
1366,10.0,182.5,73.25,98.5,90.8,60.8
1367,12.5,136.5,69.75,88.7,76.6,50.1
1368,22.5,177.25,72.5,101.1,92.4,59.4
1369,9.4,151.25,73.25,94.0,81.2,52.5
1370,14.6,196.0,74.0,103.8,95.6,61.4
1371,13.0,184.25,69.75,98.9,92.1,64.0
1372,15.1,140.0,71.5,89.2,83.4,52.4
1373,27.3,218.75,73.0,111.4,106.0,63.8
1374,19.2,217.0,74.75,107.5,95.1,64.8
1375,21.8,166.25,69.0,99.1,90.4,55.5
1376,20.3,224.75,73.25,108.2,100.4,63.3
1377,34.3,228.25,70.5,114.9,115.9,74.4
1378,16.5,172.75,70.5,99.1,90.8,60.1
1379,3.0,152.25,68.75,92.2,81.9,54.7
1380,0.7,125.75,66.5,90.8,75.0,50.0
1381,20.5,177.25,72.0,100.5,90.3,57.8
1382,16.9,176.25,72.5,98.2,90.3,59.2
1383,25.3,226.75,72.75,115.3,108.8,69.2
1384,9.9,145.25,70.25,96.8,79.4,50.3
1385,13.1,151.0,68.0,92.6,83.2,60.0
1386,29.9,241.25,72.5,119.2,110.3,69.8
1387,22.5,187.25,70.25,102.7,92.7,64.7
1388,16.9,234.75,75.5,109.5,104.5,69.5
1389,26.6,219.25,75.25,108.5,104.6,68.1
1390,0.0,118.5,69.0,79.3,69.4,47.2
1391,11.5,145.75,68.25,95.5,83.6,54.1
1392,12.1,159.25,70.75,92.3,86.8,58.0
1393,17.5,170.5,75.25,98.9,90.4,55.4
1394,8.6,167.5,72.5,89.5,83.7,57.3
1395,23.6,232.75,75.25,117.5,109.3,67.7
1396,20.4,210.5,73.0,107.4,98.9,63.5
1397,20.5,202.25,73.5,109.2,98.0,62.8
1398,24.4,185.0,69.25,103.4,101.2,61.5
1399,11.4,153.0,70.25,91.4,80.6,54.3
1400,38.1,244.25,77.0,115.2,113.7,68.5
1401,15.9,193.5,71.5,104.9,94.1,60.6
1402,24.7,224.75,75.75,106.7,105.7,65.3
1403,22.8,162.75,73.75,92.2,85.6,60.2
1404,25.5,180.0,69.25,101.6,96.6,61.1
1405,22.0,156.25,70.0,97.8,86.0,57.7
1406,17.7,168.0,72.5,92.0,89.7,62.3
1407,6.6,167.25,73.75,94.0,78.0,57.5
1408,23.6,170.75,68.5,103.7,89.7,58.5
1409,12.2,178.25,71.25,102.7,89.2,60.2
1410,22.1,150.0,70.25,91.1,85.7,55.5
1411,28.7,200.5,72.5,107.2,103.1,68.8
1412,6.0,184.0,75.0,100.8,89.1,60.6
1413,34.8,223.0,70.75,121.6,113.9,63.5
1414,16.6,208.75,74.0,105.6,96.3,63.3
1415,32.9,166.0,66.5,100.6,93.9,58.9
1416,32.8,195.0,73.5,102.7,101.3,60.7
1417,9.6,160.5,71.25,99.8,83.9,53.0
1418,10.8,159.75,71.75,92.9,84.4,56.0
1419,7.1,140.5,69.0,91.2,79.4,51.1
1420,27.2,216.25,75.5,115.6,104.0,63.7
1421,19.5,168.25,72.75,98.3,89.7,56.3
1422,18.7,194.75,71.75,103.7,97.6,60.0
1423,19.5,172.75,74.0,98.7,87.6,57.1
1424,47.5,219.0,65.0,119.8,122.1,62.5
1425,13.6,149.25,70.75,92.8,81.1,53.8
1426,7.5,154.5,71.0,93.3,81.5,54.7
1427,24.5,199.25,72.75,106.8,100.0,63.9
1428,15.0,154.5,70.25,93.9,88.7,53.7
1429,12.4,153.25,71.5,99.0,91.8,57.7
1430,26.0,230.0,73.25,119.9,110.4,64.2
1431,11.5,161.75,68.5,94.2,87.6,59.7
1432,5.2,142.25,68.25,92.7,82.8,54.4
1433,10.9,179.75,69.75,106.9,95.3,57.4
1434,12.5,126.5,67.75,88.8,78.2,50.8
1435,14.8,169.5,69.25,101.7,91.1,56.6
1436,25.2,198.5,75.25,105.3,96.7,64.0
1437,14.9,174.5,70.5,104.0,89.4,58.4
1438,17.0,167.75,69.5,98.6,93.0,55.4
1439,10.6,147.75,66.75,99.6,86.4,53.0
1440,16.1,182.25,72.75,103.4,96.7,59.3
1441,15.4,175.5,72.5,100.2,88.1,57.1
1442,26.7,161.75,68.25,94.9,94.9,56.8
1443,25.8,157.75,68.5,97.2,93.3,54.3
1444,18.6,168.75,68.5,104.7,95.6,54.4
1445,24.8,191.5,73.25,104.0,98.2,59.3
1446,27.3,219.15,70.5,117.6,113.8,63.4
1447,12.4,155.25,70.5,95.8,82.8,61.2
1448,29.9,189.75,66.75,106.4,100.5,59.2
1449,17.0,127.5,66.75,93.0,79.7,50.7
1450,35.0,224.5,69.25,119.6,118.0,61.3
1451,30.4,234.25,73.0,119.7,109.0,63.7
1452,32.6,227.75,73.75,115.8,113.4,65.6
1453,29.0,199.5,69.5,118.3,106.1,58.2
1454,15.2,155.5,70.25,97.4,84.3,54.3
1455,30.2,215.5,71.5,113.7,107.6,63.3
1456,11.0,134.25,68.0,89.2,83.6,49.6
1457,33.6,201.0,70.75,108.5,105.0,59.6
1458,29.3,186.75,67.0,111.1,111.5,60.3
1459,26.0,190.75,71.5,108.3,101.3,56.0
1460,31.9,207.5,71.0,112.4,108.5,59.3
1461,12.3,154.25,68.75,93.1,85.2,59.0
1462,6.1,173.25,73.25,93.6,83.0,58.7
1463,25.3,154.0,67.25,95.8,87.9,59.6
1464,10.4,184.75,73.25,101.8,86.4,60.1
1465,28.7,184.25,72.25,97.3,100.0,63.2
1466,20.9,210.25,75.75,104.5,94.4,66.0
1467,19.2,181.0,70.75,105.1,90.7,58.4
1468,12.4,176.0,73.5,99.6,88.5,60.0
1469,4.1,191.0,75.0,100.9,82.5,62.9
1470,11.7,198.25,74.5,99.6,88.6,63.1
1471,7.1,186.25,75.5,101.5,83.6,59.7
1472,7.8,216.0,77.0,103.6,90.9,66.2
1473,20.8,180.5,70.5,102.0,91.6,63.4
1474,21.2,205.25,72.25,104.1,101.8,66.0
1475,22.1,187.75,70.5,101.3,96.4,69.0
1476,20.9,162.75,67.0,99.1,92.8,63.1
1477,29.0,195.75,72.0,101.9,96.4,64.8
1478,22.9,209.25,72.0,107.6,97.5,66.9
1479,16.0,183.75,68.75,106.8,89.6,64.2
1480,16.5,211.75,74.5,106.2,100.5,65.8
1481,19.1,179.0,69.0,103.3,95.9,63.5
1482,15.2,200.5,70.75,111.4,98.8,63.4
1483,15.6,140.25,69.25,86.0,76.4,57.4
1484,17.7,148.75,71.0,86.7,80.0,54.9
1485,14.0,151.25,68.75,90.2,76.3,58.4
1486,3.7,159.25,72.5,89.6,79.7,55.0
1487,7.9,131.5,68.5,88.6,74.6,51.7
1488,22.9,148.0,68.5,97.4,88.7,57.5
1489,3.7,133.25,65.75,93.5,73.9,50.1
1490,8.8,160.75,70.0,97.4,83.5,58.9
1491,11.9,182.0,74.75,100.5,88.7,57.5
1492,5.7,160.25,72.25,93.5,84.5,58.5
1493,11.8,168.0,72.25,93.0,79.1,57.3
1494,21.3,218.5,72.0,111.7,100.5,67.1
1495,32.3,247.25,74.5,117.0,115.6,71.2
1496,40.1,191.75,66.0,118.5,113.1,61.9
1497,24.2,202.25,71.0,106.5,100.9,63.5
1498,28.4,196.75,69.25,105.6,98.8,66.0
1499,35.2,363.15,73.25,136.2,148.1,87.3
1500,32.6,203.0,68.0,114.8,108.1,61.3
1501,34.5,262.75,69.75,128.3,126.2,72.5
1502,32.9,205.0,30.5,106.0,104.3,70.6
1503,31.6,217.0,71.0,113.3,111.2,67.7
1504,32.0,212.0,72.5,106.6,104.3,65.0
1505,7.7,125.25,69.0,85.1,76.0,50.0
1506,13.9,164.25,74.25,96.6,81.5,58.4
1507,10.8,133.5,68.5,88.2,73.7,53.3
1508,5.6,148.5,72.25,89.8,79.5,52.7
1509,13.6,135.75,69.5,92.3,83.4,52.0
1510,4.0,127.5,67.75,83.4,70.4,50.6
1511,10.2,158.25,73.25,90.2,86.7,52.6
1512,6.6,139.25,70.0,89.2,77.9,51.4
1513,8.0,137.25,68.75,89.7,82.0,49.3
1514,6.3,152.75,74.5,93.3,79.6,52.6
1515,3.9,136.25,68.5,87.6,77.6,51.9
1516,22.6,198.0,73.0,107.6,100.0,57.2
1517,20.4,181.5,69.0,100.0,99.8,62.1
1518,28.0,201.25,70.5,111.5,104.2,61.8
1519,31.5,202.5,71.75,115.4,105.3,59.1
1520,24.6,179.75,66.75,104.8,98.3,60.6
1521,26.1,216.0,74.25,112.3,104.8,61.6
1522,29.8,178.75,69.5,102.9,94.7,60.9
1523,30.7,193.25,71.25,107.6,102.4,61.0
1524,25.8,178.0,68.0,105.3,99.7,60.8
1525,32.3,205.5,71.0,105.3,105.5,65.0
1526,30.0,183.5,68.5,103.0,100.3,64.8
1527,21.5,151.5,71.75,90.0,83.9,55.0
1528,13.8,154.75,72.5,95.4,86.6,54.3
1529,6.3,155.25,70.25,89.3,78.4,56.0
1530,12.9,156.75,72.5,94.4,84.6,51.2
1531,24.3,167.5,72.5,97.6,91.5,56.6
1532,8.8,146.75,69.75,88.5,82.8,58.9
1533,8.5,160.75,74.75,93.6,82.9,52.9
1534,13.5,125.0,65.0,87.7,76.0,50.9
1535,11.8,143.0,66.75,93.4,83.3,55.5
1536,18.5,148.25,68.5,91.6,81.8,54.5
1537,8.8,162.5,70.5,91.6,78.8,56.7
1538,22.2,177.75,69.5,102.0,95.0,55.0
1539,21.5,161.25,71.25,96.4,95.4,53.5
1540,18.8,171.25,70.25,102.7,98.6,56.5
1541,31.4,163.75,68.75,97.7,95.8,54.8
1542,26.8,150.25,68.25,97.1,89.0,54.8
1543,18.4,190.25,73.75,103.1,97.8,58.9
1544,27.0,170.75,71.0,101.8,94.9,56.0
1545,27.0,168.0,70.25,101.4,99.8,56.3
1546,26.6,167.0,68.5,98.9,89.7,54.7
1547,14.9,157.75,68.25,97.5,88.1,57.2
1548,23.1,160.0,66.75,104.3,90.9,57.8
1549,8.3,176.75,73.5,97.3,86.0,61.0
1550,14.1,176.0,74.0,96.7,86.5,60.4
1551,20.5,177.0,71.0,99.7,95.6,58.3
1552,18.2,179.75,70.5,101.9,93.2,58.9
1553,8.5,165.25,71.5,97.2,83.1,56.9
1554,24.9,192.5,72.75,106.6,97.5,58.9
1555,9.0,184.25,75.5,99.6,88.8,57.4
1556,17.4,224.5,78.75,113.2,99.2,61.7
1557,9.6,188.75,74.25,99.1,91.6,60.6
1558,11.3,162.5,67.5,99.4,86.7,62.1
1559,17.8,156.5,69.25,95.1,88.2,54.7
1560,22.2,197.0,73.0,107.5,94.0,62.7
1561,21.2,198.5,74.5,106.5,95.0,59.0
1562,20.4,173.75,73.0,99.1,92.0,59.3
1563,20.1,172.75,72.25,96.7,89.2,60.0
1564,22.3,196.75,74.75,103.5,95.5,59.1
1565,25.4,177.0,70.25,104.0,98.6,59.5
1566,18.0,165.5,69.5,93.1,87.3,54.7
1567,19.3,200.25,74.5,105.2,102.8,61.2
1568,18.3,203.25,75.25,110.0,101.6,55.8
1569,17.3,194.0,76.5,110.1,88.7,57.5
1570,21.4,168.5,70.25,97.8,92.3,57.5
1571,19.7,170.75,69.5,96.3,90.6,61.9
1572,28.0,183.25,71.0,108.0,105.0,63.7
1573,22.1,178.25,71.0,99.7,95.0,62.3
1574,21.3,163.0,71.25,93.5,89.6,61.5
1575,26.7,175.25,72.75,100.7,92.4,59.3
1576,16.7,158.0,70.25,97.0,86.6,55.9
1577,20.1,177.25,73.75,96.0,90.0,58.8
1578,13.9,179.0,73.0,99.2,90.0,56.8
1579,25.8,191.0,75.0,95.4,92.4,64.6
1580,18.1,187.5,73.25,101.8,87.5,58.5
1581,27.9,206.5,75.5,104.3,99.2,58.5
1582,25.3,185.25,72.5,99.2,98.1,57.1
1583,14.7,160.25,69.75,99.3,83.3,60.5
1584,16.0,151.5,67.75,94.0,86.1,58.1
1585,13.8,161.0,67.5,98.9,84.1,58.5
1586,17.5,167.0,68.0,101.0,89.9,60.7
1587,27.2,177.5,69.75,98.7,92.1,60.7
1588,17.4,152.25,68.75,95.9,78.0,53.5
1589,20.8,192.25,74.25,103.9,93.5,61.7
1590,14.9,165.25,70.75,96.2,87.0,57.4
1591,18.1,171.75,72.5,97.8,90.1,57.0
1592,22.7,171.25,71.5,94.6,90.3,60.3
1593,23.6,197.0,74.25,103.6,99.8,61.2
1594,26.1,157.0,67.75,100.4,89.4,56.1
1595,24.4,168.25,70.5,98.4,87.2,56.0
1596,27.1,186.0,70.75,104.6,101.1,58.9
1597,21.8,166.75,71.75,92.9,86.1,58.8
1598,29.4,187.75,75.0,97.8,98.6,63.6
1599,22.4,168.25,72.25,98.3,88.5,58.1
1600,20.4,212.75,76.0,104.7,106.6,66.5
1601,24.9,176.75,72.0,98.6,93.1,59.1
1602,18.3,173.25,70.5,99.5,93.0,60.4
1603,23.3,167.0,68.75,102.7,91.0,57.1
1604,9.4,159.75,73.25,92.1,77.1,56.1
1605,12.3,154.25,68.75,93.1,85.2,59.0
1606,6.1,173.25,73.25,93.6,83.0,58.7
1607,25.3,154.0,67.25,95.8,87.9,59.6
1608,10.4,184.75,73.25,101.8,86.4,60.1
1609,28.7,184.25,72.25,97.3,100.0,63.2
1610,20.9,210.25,75.75,104.5,94.4,66.0
1611,19.2,181.0,70.75,105.1,90.7,58.4
1612,12.4,176.0,73.5,99.6,88.5,60.0
1613,4.1,191.0,75.0,100.9,82.5,62.9
1614,11.7,198.25,74.5,99.6,88.6,63.1
1615,7.1,186.25,75.5,101.5,83.6,59.7
1616,7.8,216.0,77.0,103.6,90.9,66.2
1617,20.8,180.5,70.5,102.0,91.6,63.4
1618,21.2,205.25,72.25,104.1,101.8,66.0
1619,22.1,187.75,70.5,101.3,96.4,69.0
1620,20.9,162.75,67.0,99.1,92.8,63.1
1621,29.0,195.75,72.0,101.9,96.4,64.8
1622,22.9,209.25,72.0,107.6,97.5,66.9
1623,16.0,183.75,68.75,106.8,89.6,64.2
1624,16.5,211.75,74.5,106.2,100.5,65.8
1625,19.1,179.0,69.0,103.3,95.9,63.5
1626,15.2,200.5,70.75,111.4,98.8,63.4
1627,15.6,140.25,69.25,86.0,76.4,57.4
1628,17.7,148.75,71.0,86.7,80.0,54.9
1629,14.0,151.25,68.75,90.2,76.3,58.4
1630,3.7,159.25,72.5,89.6,79.7,55.0
1631,7.9,131.5,68.5,88.6,74.6,51.7
1632,22.9,148.0,68.5,97.4,88.7,57.5
1633,3.7,133.25,65.75,93.5,73.9,50.1
1634,8.8,160.75,70.0,97.4,83.5,58.9
1635,11.9,182.0,74.75,100.5,88.7,57.5
1636,5.7,160.25,72.25,93.5,84.5,58.5
1637,11.8,168.0,72.25,93.0,79.1,57.3
1638,21.3,218.5,72.0,111.7,100.5,67.1
1639,32.3,247.25,74.5,117.0,115.6,71.2
1640,40.1,191.75,66.0,118.5,113.1,61.9
1641,24.2,202.25,71.0,106.5,100.9,63.5
1642,28.4,196.75,69.25,105.6,98.8,66.0
1643,35.2,363.15,73.25,136.2,148.1,87.3
1644,32.6,203.0,68.0,114.8,108.1,61.3
1645,34.5,262.75,69.75,128.3,126.2,72.5
1646,32.9,205.0,30.5,106.0,104.3,70.6
1647,31.6,217.0,71.0,113.3,111.2,67.7
1648,32.0,212.0,72.5,106.6,104.3,65.0
1649,7.7,125.25,69.0,85.1,76.0,50.0
1650,13.9,164.25,74.25,96.6,81.5,58.4
1651,10.8,133.5,68.5,88.2,73.7,53.3
1652,5.6,148.5,72.25,89.8,79.5,52.7
1653,13.6,135.75,69.5,92.3,83.4,52.0
1654,4.0,127.5,67.75,83.4,70.4,50.6
1655,10.2,158.25,73.25,90.2,86.7,52.6
1656,6.6,139.25,70.0,89.2,77.9,51.4
1657,8.0,137.25,68.75,89.7,82.0,49.3
1658,6.3,152.75,74.5,93.3,79.6,52.6
1659,3.9,136.25,68.5,87.6,77.6,51.9
1660,22.6,198.0,73.0,107.6,100.0,57.2
1661,20.4,181.5,69.0,100.0,99.8,62.1
1662,28.0,201.25,70.5,111.5,104.2,61.8
1663,31.5,202.5,71.75,115.4,105.3,59.1
1664,24.6,179.75,66.75,104.8,98.3,60.6
1665,26.1,216.0,74.25,112.3,104.8,61.6
1666,29.8,178.75,69.5,102.9,94.7,60.9
1667,30.7,193.25,71.25,107.6,102.4,61.0
1668,25.8,178.0,68.0,105.3,99.7,60.8
1669,32.3,205.5,71.0,105.3,105.5,65.0
1670,30.0,183.5,68.5,103.0,100.3,64.8
1671,21.5,151.5,71.75,90.0,83.9,55.0
1672,13.8,154.75,72.5,95.4,86.6,54.3
1673,6.3,155.25,70.25,89.3,78.4,56.0
1674,12.9,156.75,72.5,94.4,84.6,51.2
1675,24.3,167.5,72.5,97.6,91.5,56.6
1676,8.8,146.75,69.75,88.5,82.8,58.9
1677,8.5,160.75,74.75,93.6,82.9,52.9
1678,13.5,125.0,65.0,87.7,76.0,50.9
1679,11.8,143.0,66.75,93.4,83.3,55.5
1680,18.5,148.25,68.5,91.6,81.8,54.5
1681,8.8,162.5,70.5,91.6,78.8,56.7
1682,22.2,177.75,69.5,102.0,95.0,55.0
1683,21.5,161.25,71.25,96.4,95.4,53.5
1684,18.8,171.25,70.25,102.7,98.6,56.5
1685,31.4,163.75,68.75,97.7,95.8,54.8
1686,26.8,150.25,68.25,97.1,89.0,54.8
1687,18.4,190.25,73.75,103.1,97.8,58.9
1688,27.0,170.75,71.0,101.8,94.9,56.0
1689,27.0,168.0,70.25,101.4,99.8,56.3
1690,26.6,167.0,68.5,98.9,89.7,54.7
1691,14.9,157.75,68.25,97.5,88.1,57.2
1692,23.1,160.0,66.75,104.3,90.9,57.8
1693,8.3,176.75,73.5,97.3,86.0,61.0
1694,14.1,176.0,74.0,96.7,86.5,60.4
1695,20.5,177.0,71.0,99.7,95.6,58.3
1696,18.2,179.75,70.5,101.9,93.2,58.9
1697,8.5,165.25,71.5,97.2,83.1,56.9
1698,24.9,192.5,72.75,106.6,97.5,58.9
1699,9.0,184.25,75.5,99.6,88.8,57.4
1700,17.4,224.5,78.75,113.2,99.2,61.7
1701,9.6,188.75,74.25,99.1,91.6,60.6
1702,11.3,162.5,67.5,99.4,86.7,62.1
1703,17.8,156.5,69.25,95.1,88.2,54.7
1704,22.2,197.0,73.0,107.5,94.0,62.7
1705,21.2,198.5,74.5,106.5,95.0,59.0
1706,20.4,173.75,73.0,99.1,92.0,59.3
1707,20.1,172.75,72.25,96.7,89.2,60.0
1708,22.3,196.75,74.75,103.5,95.5,59.1
1709,25.4,177.0,70.25,104.0,98.6,59.5
1710,18.0,165.5,69.5,93.1,87.3,54.7
1711,19.3,200.25,74.5,105.2,102.8,61.2
1712,18.3,203.25,75.25,110.0,101.6,55.8
1713,17.3,194.0,76.5,110.1,88.7,57.5
1714,21.4,168.5,70.25,97.8,92.3,57.5
1715,19.7,170.75,69.5,96.3,90.6,61.9
1716,28.0,183.25,71.0,108.0,105.0,63.7
1717,22.1,178.25,71.0,99.7,95.0,62.3
1718,21.3,163.0,71.25,93.5,89.6,61.5
1719,26.7,175.25,72.75,100.7,92.4,59.3
1720,16.7,158.0,70.25,97.0,86.6,55.9
1721,20.1,177.25,73.75,96.0,90.0,58.8
1722,13.9,179.0,73.0,99.2,90.0,56.8
1723,25.8,191.0,75.0,95.4,92.4,64.6
1724,18.1,187.5,73.25,101.8,87.5,58.5
1725,27.9,206.5,75.5,104.3,99.2,58.5
1726,25.3,185.25,72.5,99.2,98.1,57.1
1727,14.7,160.25,69.75,99.3,83.3,60.5
1728,16.0,151.5,67.75,94.0,86.1,58.1
1729,13.8,161.0,67.5,98.9,84.1,58.5
1730,17.5,167.0,68.0,101.0,89.9,60.7
1731,27.2,177.5,69.75,98.7,92.1,60.7
1732,17.4,152.25,68.75,95.9,78.0,53.5
1733,20.8,192.25,74.25,103.9,93.5,61.7
1734,14.9,165.25,70.75,96.2,87.0,57.4
1735,18.1,171.75,72.5,97.8,90.1,57.0
1736,22.7,171.25,71.5,94.6,90.3,60.3
1737,23.6,197.0,74.25,103.6,99.8,61.2
1738,26.1,157.0,67.75,100.4,89.4,56.1
1739,24.4,168.25,70.5,98.4,87.2,56.0
1740,27.1,186.0,70.75,104.6,101.1,58.9
1741,21.8,166.75,71.75,92.9,86.1,58.8
1742,29.4,187.75,75.0,97.8,98.6,63.6
1743,22.4,168.25,72.25,98.3,88.5,58.1
1744,20.4,212.75,76.0,104.7,106.6,66.5
1745,24.9,176.75,72.0,98.6,93.1,59.1
1746,18.3,173.25,70.5,99.5,93.0,60.4
1747,23.3,167.0,68.75,102.7,91.0,57.1
1748,9.4,159.75,73.25,92.1,77.1,56.1
1749,10.3,188.15,78.5,96.6,85.3,59.1
1750,14.2,156.0,71.75,92.7,81.9,56.4
1751,19.2,208.5,73.75,102.0,99.1,71.2
1752,29.6,206.5,70.75,110.9,100.5,68.4
1753,5.3,143.75,73.5,92.3,76.5,51.9
1754,25.2,223.0,71.25,114.1,106.8,67.6
1755,9.4,152.25,70.0,92.9,77.6,56.9
1756,19.6,241.75,75.5,108.3,102.9,72.9
1757,10.1,146.0,73.25,88.5,72.8,53.6
1758,16.5,156.75,68.25,94.0,88.2,56.8
1759,21.0,200.25,74.5,101.1,100.1,62.1
1760,17.3,171.5,76.25,92.1,83.5,57.3
1761,31.2,205.75,70.0,105.6,105.0,68.6
1762,10.0,182.5,73.25,98.5,90.8,60.8
1763,12.5,136.5,69.75,88.7,76.6,50.1
1764,22.5,177.25,72.5,101.1,92.4,59.4
1765,9.4,151.25,73.25,94.0,81.2,52.5
1766,14.6,196.0,74.0,103.8,95.6,61.4
1767,13.0,184.25,69.75,98.9,92.1,64.0
1768,15.1,140.0,71.5,89.2,83.4,52.4
1769,27.3,218.75,73.0,111.4,106.0,63.8
1770,19.2,217.0,74.75,107.5,95.1,64.8
1771,21.8,166.25,69.0,99.1,90.4,55.5
1772,20.3,224.75,73.25,108.2,100.4,63.3
1773,34.3,228.25,70.5,114.9,115.9,74.4
1774,16.5,172.75,70.5,99.1,90.8,60.1
1775,3.0,152.25,68.75,92.2,81.9,54.7
1776,0.7,125.75,66.5,90.8,75.0,50.0
1777,20.5,177.25,72.0,100.5,90.3,57.8
1778,16.9,176.25,72.5,98.2,90.3,59.2
1779,25.3,226.75,72.75,115.3,108.8,69.2
1780,9.9,145.25,70.25,96.8,79.4,50.3
1781,13.1,151.0,68.0,92.6,83.2,60.0
1782,29.9,241.25,72.5,119.2,110.3,69.8
1783,22.5,187.25,70.25,102.7,92.7,64.7
1784,16.9,234.75,75.5,109.5,104.5,69.5
1785,26.6,219.25,75.25,108.5,104.6,68.1
1786,0.0,118.5,69.0,79.3,69.4,47.2
1787,11.5,145.75,68.25,95.5,83.6,54.1
1788,12.1,159.25,70.75,92.3,86.8,58.0
1789,17.5,170.5,75.25,98.9,90.4,55.4
1790,8.6,167.5,72.5,89.5,83.7,57.3
1791,23.6,232.75,75.25,117.5,109.3,67.7
1792,20.4,210.5,73.0,107.4,98.9,63.5
1793,20.5,202.25,73.5,109.2,98.0,62.8
1794,24.4,185.0,69.25,103.4,101.2,61.5
1795,11.4,153.0,70.25,91.4,80.6,54.3
1796,38.1,244.25,77.0,115.2,113.7,68.5
1797,15.9,193.5,71.5,104.9,94.1,60.6
1798,24.7,224.75,75.75,106.7,105.7,65.3
1799,22.8,162.75,73.75,92.2,85.6,60.2
1800,25.5,180.0,69.25,101.6,96.6,61.1
1801,22.0,156.25,70.0,97.8,86.0,57.7
1802,17.7,168.0,72.5,92.0,89.7,62.3
